pNo,condition,study,a,v,bored,effort,fatigue,frustrate,mentaldemand,session
101,control,1,0.13555,0.25,39,47,39,56,40,1
101,deplete,1,0.1288,0.39575,61,61,70,59,61,2
102,control,1,0.11335,0.2433,45,20,16,14,15,2
102,deplete,1,0.13775,0.2661,20,64,61,53,70,1
103,control,1,0.0991,0.19295,70,10,48,38,10,1
103,deplete,1,0.099,0.24035,64,61,46,44,52,2
104,control,1,0.10995,0.3443,11,25,11,12,40,2
104,deplete,1,0.12215,0.26985,58,44,10,45,59,1
105,control,1,0.10935,0.2736,48,32,25,19,40,1
105,deplete,1,0.1114,0.3378,55,51,52,46,48,2
106,control,1,0.1488,0.2609,53,28,35,22,24,2
106,deplete,1,0.1469,0.23185,70,32,29,24,46,1
108,control,1,0.12185,0.29425,49,16,21,14,13,2
108,deplete,1,0.108,0.31135,20,68,22,42,55,1
109,control,1,0.13825,0.2756,35,14,34,16,42,1
109,deplete,1,0.1598,0.2348,60,53,60,60,62,2
11,control,1,0.1521,0.20125,35,17,30,36,44,1
11,deplete,1,0.14315,0.2055,64,46,43,44,44,2
110,control,1,0.1421,0.16435,13,11,20,12,10,2
110,deplete,1,0.1424,0.16295,52,44,37,46,18,1
111,control,1,0.1037,0.32325,17,23,35,21,35,1
111,deplete,1,0.09035,0.3237,37,43,43,35,38,2
112,control,1,0.10555,0.3105,11,19,11,11,22,2
112,deplete,1,0.10175,0.3756,36,46,34,35,43,1
114,control,1,0.1393,0.3649,42,11,15,10,16,2
114,deplete,1,0.16645,0.30755,46,59,57,59,50,1
116,control,1,0.14795,0.3132,70,65,35,23,56,2
116,deplete,1,0.16015,0.23255,70,70,70,70,70,1
117,control,1,0.12325,0.104,61,65,60,19,21,1
117,deplete,1,0.1243,0.0745,70,48,65,53,60,2
118,control,1,0.1149,0.2292,37,42,43,43,52,2
118,deplete,1,0.1156,0.20775,50,43,58,53,47,1
119,control,1,0.11115,0.26265,48,32,23,28,11,1
119,deplete,1,0.0947,0.3139,36,56,48,53,60,2
120,control,1,0.1682,0.30245,59,45,40,25,38,2
120,deplete,1,0.1298,0.2042,68,45,70,67,64,1
121,control,1,0.1329,0.23685,25,11,10,10,11,1
121,deplete,1,0.1415,0.25275,36,50,44,39,46,2
122,control,1,0.12405,0.28575,11,15,11,10,14,2
122,deplete,1,0.1243,0.3393,70,67,50,53,56,1
123,control,1,0.13805,0.19805,48,35,25,24,44,1
123,deplete,1,0.1095,0.1912,59,46,38,60,66,2
124,control,1,0.115,0.21065,28,18,12,20,24,2
124,deplete,1,0.10265,0.22335,43,56,52,29,57,1
125,control,1,0.1223,0.304,60,54,14,45,14,1
125,deplete,1,0.1063,0.35805,69,64,49,64,69,2
126,control,1,0.12885,0.2312,43,22,51,26,41,2
126,deplete,1,0.13525,0.2796,50,42,48,46,42,1
13,control,1,0.15925,0.25315,33,29,14,15,25,1
13,deplete,1,0.10925,0.274,37,57,43,38,62,2
132,control,1,0.1422,0.21785,27,10,10,10,10,2
132,deplete,1,0.1555,0.1965,54,46,42,44,43,1
133,control,1,0.12675,0.34325,70,64,19,25,50,1
133,deplete,1,0.1024,0.26105,48,56,70,64,70,2
136,control,1,0.08765,0.33775,19,19,19,22,24,2
136,deplete,1,0.1138,0.3309,20,39,48,38,49,1
137,control,1,0.10725,0.2095,52,20,22,21,22,1
137,deplete,1,0.0901,0.23655,65,63,65,65,70,2
138,control,1,0.13165,0.22085,19,16,15,25,17,2
138,deplete,1,0.1548,0.2043,44,70,53,50,47,1
139,control,1,0.16385,0.24645,47,43,15,17,31,1
139,deplete,1,0.1511,0.2268,44,66,31,52,68,2
14,control,1,0.13265,0.2678,39,10,10,10,10,2
141,control,1,0.1607,0.18295,64,43,28,37,41,1
141,deplete,1,0.13625,0.19485,70,40,26,54,70,2
142,control,1,0.1322,0.35885,11,10,11,20,14,2
142,deplete,1,0.1411,0.35965,70,47,47,49,45,1
143,control,1,0.1377,0.244,65,53,28,42,21,1
143,deplete,1,0.14045,0.3105,60,44,14,21,61,2
144,control,1,0.12535,0.2777,53,14,10,13,12,2
144,deplete,1,0.1202,0.271,21,41,24,40,70,1
145,control,1,0.11145,0.2087,53,41,26,25,37,1
145,deplete,1,0.1149,0.2189,48,39,39,38,41,2
147,control,1,0.12605,0.2922,21,16,12,13,21,1
147,deplete,1,0.13395,0.3419,48,55,51,47,54,2
148,control,1,0.12015,0.2094,46,19,10,11,17,2
148,deplete,1,0.1667,0.20715,54,69,56,70,70,1
15,control,1,0.15765,0.1857,40,39,42,46,49,1
15,deplete,1,0.15975,0.1811,43,52,60,45,43,2
150,control,1,0.1251,0.2713,10,10,10,10,12,2
150,deplete,1,0.134,0.22865,70,70,70,70,70,1
151,control,1,0.10525,0.1553,60,29,12,20,37,1
151,deplete,1,0.1124,0.146,62,51,35,52,50,2
152,control,1,0.08185,0.26935,11,12,43,28,57,2
152,deplete,1,0.1106,0.2253,51,64,48,24,70,1
153,control,1,0.1142,0.2988,37,18,28,42,45,1
153,deplete,1,0.16795,0.2142,56,41,46,41,41,2
155,control,1,0.1271,0.2313,48,11,11,11,24,1
155,deplete,1,0.12645,0.2713,70,56,61,65,53,2
156,control,1,0.11445,0.2404,57,19,19,17,23,2
156,deplete,1,0.09105,0.15205,70,56,56,55,70,1
157,control,1,0.13095,0.18875,37,26,18,48,51,1
157,deplete,1,0.1205,0.19005,70,32,52,46,34,2
159,control,1,0.12765,0.13265,70,69,11,69,17,1
159,deplete,1,0.11615,0.16425,70,70,70,70,70,2
16,control,1,0.12265,0.25445,39,12,11,11,13,2
160,control,1,0.12535,0.2226,10,10,10,10,10,2
160,deplete,1,0.1438,0.18015,70,43,33,70,43,1
161,control,1,0.13425,0.30505,42,26,38,13,50,1
161,deplete,1,0.10995,0.2609,49,69,52,43,54,2
162,control,1,0.1077,0.21435,66,18,36,17,19,2
162,deplete,1,0.123,0.23035,57,13,33,42,64,1
164,control,1,0.09705,0.2726,45,48,47,64,57,2
164,deplete,1,0.11105,0.354,46,44,49,53,59,1
165,control,1,0.09615,0.2544,10,11,21,61,16,1
165,deplete,1,0.1027,0.3368,58,52,45,56,47,2
168,control,1,0.1418,0.26575,18,20,17,18,24,2
168,deplete,1,0.11665,0.23065,70,43,47,59,24,1
169,control,1,0.1074,0.3,39,13,13,16,14,1
169,deplete,1,0.09355,0.27035,59,59,49,66,66,2
171,control,1,0.09835,0.28395,25,11,10,18,23,1
171,deplete,1,0.0782,0.3201,32,49,57,53,53,2
173,control,1,0.1546,0.14525,48,41,45,23,29,1
173,deplete,1,0.1493,0.2068,65,33,56,47,54,2
174,control,1,0.1171,0.3398,10,27,11,16,44,2
174,deplete,1,0.0883,0.3383,41,39,40,36,43,1
176,control,1,0.1217,0.23545,35,34,42,10,44,2
176,deplete,1,0.14125,0.17425,70,35,48,70,52,1
177,control,1,0.14035,0.2664,56,19,60,23,35,1
177,deplete,1,0.12775,0.3081,54,47,49,52,67,2
178,control,1,0.14065,0.25025,51,10,12,52,22,2
178,deplete,1,0.10795,0.16995,70,52,47,69,29,1
179,control,1,0.12605,0.21485,30,17,15,29,30,1
179,deplete,1,0.12655,0.2179,49,25,42,50,24,2
183,control,1,0.11445,0.2521,70,11,70,61,36,1
183,deplete,1,0.08215,0.26,70,55,70,70,52,2
184,control,1,0.0939,0.2226,17,30,11,11,17,2
184,deplete,1,0.1096,0.2846,35,53,29,43,46,1
185,control,1,0.1227,0.2257,45,23,10,32,20,1
185,deplete,1,0.10225,0.2451,70,70,70,70,70,2
186,control,1,0.10775,0.08975,25,14,14,16,19,2
186,deplete,1,0.1304,0.1153,55,56,61,48,50,1
189,control,1,0.1123,0.2098,46,20,35,21,17,1
189,deplete,1,0.0953,0.2855,51,41,67,52,29,2
193,control,1,0.13285,0.1894,14,12,10,22,52,1
193,deplete,1,0.14315,0.20175,58,46,54,49,48,2
194,control,1,0.1484,0.33805,40,13,16,17,17,2
194,deplete,1,0.1335,0.26455,37,42,42,42,38,1
195,control,1,0.12345,0.26675,50,42,41,18,43,1
195,deplete,1,0.10795,0.3614,62,34,36,44,66,2
196,control,1,0.17325,0.27145,34,46,10,58,40,2
196,deplete,1,0.1321,0.2916,68,53,10,54,70,1
197,control,1,0.1026,0.34595,57,13,37,11,12,1
197,deplete,1,0.1047,0.4046,25,66,57,59,66,2
198,control,1,0.1181,0.28255,40,13,24,17,18,2
198,deplete,1,0.1301,0.2757,56,44,45,36,49,1
199,control,1,0.14145,0.35465,39,22,15,16,15,1
199,deplete,1,0.0948,0.31905,45,46,15,20,52,2
200,control,1,0.12725,0.23575,24,13,12,12,19,2
200,deplete,1,0.14035,0.21145,38,48,55,54,70,1
201,control,1,0.1009,0.33965,32,28,45,20,46,1
201,deplete,1,0.10705,0.2867,64,51,50,51,58,2
202,control,1,0.1264,0.3378,34,14,11,14,20,2
202,deplete,1,0.11335,0.3238,70,44,26,33,30,1
203,control,1,0.11955,0.27855,70,20,48,19,12,1
203,deplete,1,0.09895,0.23675,70,44,70,33,53,2
204,control,1,0.10755,0.26525,68,58,51,42,30,2
204,deplete,1,0.16075,0.1593,70,64,66,64,66,1
205,control,1,0.13715,0.32185,13,13,11,13,19,1
205,deplete,1,0.12295,0.26025,23,41,33,43,47,2
207,control,1,0.1033,0.2919,36,17,14,33,20,1
207,deplete,1,0.0957,0.33525,41,53,52,62,57,2
208,control,1,0.12215,0.31595,10,10,11,10,10,2
208,deplete,1,0.15005,0.26815,43,42,42,47,43,1
209,control,1,0.12955,0.29825,11,18,11,11,26,1
209,deplete,1,0.10515,0.274,52,44,49,31,57,2
21,control,1,0.12435,0.2656,45,16,19,11,18,1
21,deplete,1,0.10865,0.30975,29,56,43,31,57,2
210,control,1,0.12985,0.2881,23,30,43,43,18,2
210,deplete,1,0.11425,0.19345,58,46,57,48,52,1
211,control,1,0.10895,0.33485,48,52,29,29,54,1
211,deplete,1,0.0983,0.2848,37,44,29,28,64,2
212,control,1,0.10585,0.32535,62,14,44,46,22,2
212,deplete,1,0.08205,0.32875,55,45,45,44,52,1
213,control,1,0.13555,0.31505,31,36,28,37,47,1
213,deplete,1,0.1214,0.3078,42,51,45,43,48,2
214,control,1,0.14555,0.27575,16,14,12,14,15,2
214,deplete,1,0.1282,0.2049,42,50,37,48,43,1
215,control,1,0.0816,0.3711,33,17,10,10,11,1
215,deplete,1,0.0923,0.285,70,48,10,11,70,2
216,control,1,0.13165,0.3223,41,33,26,10,26,2
216,deplete,1,0.1023,0.3251,44,47,51,47,54,1
217,control,1,0.14445,0.21155,26,14,28,21,57,1
217,deplete,1,0.0957,0.2424,61,65,66,68,61,2
218,control,1,0.12685,0.2999,14,12,14,13,12,2
218,deplete,1,0.1096,0.29525,40,70,70,70,70,1
220,control,1,0.0758,0.37415,55,14,67,54,14,2
220,deplete,1,0.0838,0.30835,58,65,61,67,51,1
221,control,1,0.13855,0.2612,38,10,10,10,14,1
221,deplete,1,0.1241,0.3235,70,55,29,12,63,2
222,control,1,0.0979,0.35105,35,16,29,16,18,2
222,deplete,1,0.1155,0.37365,23,48,47,31,56,1
223,control,1,0.13215,0.2205,19,40,31,11,34,1
223,deplete,1,0.1071,0.1752,66,29,70,56,60,2
224,control,1,0.12675,0.31745,41,14,14,19,25,2
224,deplete,1,0.14335,0.26355,70,39,44,48,24,1
225,control,1,0.1036,0.25685,10,23,10,17,55,1
225,deplete,1,0.1041,0.2544,44,35,42,30,54,2
226,control,1,0.138,0.21725,49,25,10,25,26,2
226,deplete,1,0.15085,0.20835,46,54,34,53,60,1
228,control,1,0.0939,0.24115,12,13,11,11,18,2
228,deplete,1,0.11555,0.2705,70,46,55,58,65,1
229,control,1,0.1324,0.2541,46,15,14,11,13,1
229,deplete,1,0.11615,0.22035,17,51,50,52,54,2
23,control,1,0.1474,0.21385,34,32,15,30,26,1
23,deplete,1,0.14145,0.2338,39,46,39,41,51,2
230,control,1,0.17765,0.2018,29,44,42,10,43,2
230,deplete,1,0.1139,0.23555,70,55,70,49,59,1
231,control,1,0.1585,0.25195,46,53,15,44,39,1
231,deplete,1,0.12485,0.2484,70,47,51,61,54,2
232,control,1,0.1008,0.2705,46,15,10,10,16,2
232,deplete,1,0.1042,0.291,56,50,11,49,52,1
233,control,1,0.1532,0.30475,54,58,37,39,12,1
233,deplete,1,0.1364,0.3707,69,10,36,12,23,2
234,control,1,0.1097,0.2555,41,11,13,16,14,2
234,deplete,1,0.10965,0.2785,38,47,44,47,42,1
235,control,1,0.1008,0.3215,60,36,63,19,42,1
235,deplete,1,0.0888,0.21845,70,26,53,59,70,2
236,control,1,0.11965,0.22605,18,21,13,13,32,2
236,deplete,1,0.1166,0.23405,33,70,70,37,55,1
237,control,1,0.1325,0.37855,35,32,47,20,51,1
237,deplete,1,0.09905,0.37185,62,47,56,50,53,2
239,control,1,0.1215,0.23305,64,66,58,34,33,1
239,deplete,1,0.0995,0.23415,70,64,66,61,70,2
240,control,1,0.1154,0.36285,52,16,18,17,22,2
240,deplete,1,0.13485,0.18285,70,34,54,54,56,1
241,control,1,0.14895,0.3094,10,11,10,10,51,1
241,deplete,1,0.10915,0.2641,59,38,36,35,45,2
245,control,1,0.15065,0.3045,40,10,10,10,42,1
245,deplete,1,0.11735,0.2904,70,16,41,51,12,2
246,control,1,0.1358,0.2094,45,26,33,32,33,2
246,deplete,1,0.10795,0.16325,45,55,52,57,51,1
247,control,1,0.1461,0.2334,19,20,10,10,22,1
247,deplete,1,0.11815,0.2634,70,50,34,70,56,2
249,control,1,0.1567,0.2961,30,28,11,13,16,1
249,deplete,1,0.12905,0.3095,22,62,55,70,66,2
250,control,1,0.1165,0.25835,15,11,12,11,12,2
250,deplete,1,0.11525,0.20585,65,26,49,32,42,1
252,control,1,0.0974,0.24545,49,19,41,12,29,2
252,deplete,1,0.0878,0.28595,48,28,52,14,45,1
253,control,1,0.1072,0.39595,12,15,11,11,21,1
253,deplete,1,0.11535,0.3495,50,53,35,60,60,2
254,control,1,0.1272,0.28795,33,25,17,18,39,2
254,deplete,1,0.1075,0.2482,44,43,42,42,46,1
255,control,1,0.13465,0.20705,40,11,10,12,14,1
255,deplete,1,0.1142,0.2212,68,50,59,43,52,2
256,control,1,0.1002,0.3333,16,13,34,12,33,2
256,deplete,1,0.1381,0.35815,10,67,65,11,60,1
257,control,1,0.086,0.2565,64,10,22,10,19,1
257,deplete,1,0.09545,0.3266,31,54,53,58,62,2
258,control,1,0.14145,0.2299,54,16,20,14,16,2
258,deplete,1,0.15345,0.09515,60,51,46,54,51,1
260,control,1,0.095,0.1986,67,14,13,15,15,2
260,deplete,1,0.10705,0.20835,70,29,70,65,50,1
264,control,1,0.1115,0.30275,23,16,15,33,18,2
264,deplete,1,0.09755,0.29755,56,62,59,63,65,1
265,control,1,0.1106,0.2919,49,40,45,14,31,1
265,deplete,1,0.0923,0.24395,60,61,46,58,52,2
266,control,1,0.0858,0.2656,64,51,45,26,14,2
266,deplete,1,0.1095,0.27435,65,56,55,56,62,1
267,control,1,0.1068,0.2616,39,34,26,32,25,1
267,deplete,1,0.1045,0.2762,47,70,51,55,67,2
27,control,1,0.12995,0.31355,34,43,17,16,22,1
27,deplete,1,0.1424,0.2011,29,53,38,40,52,2
270,control,1,0.12435,0.2779,25,10,10,10,11,2
270,deplete,1,0.11265,0.30205,70,47,47,58,54,1
271,control,1,0.1154,0.34685,42,12,19,43,30,1
271,deplete,1,0.1051,0.3064,44,45,34,39,49,2
273,control,1,0.1091,0.2757,57,14,10,10,10,1
273,deplete,1,0.12835,0.315,70,52,57,14,65,2
275,control,1,0.11625,0.2371,11,10,10,10,11,1
275,deplete,1,0.11175,0.2646,20,45,50,70,53,2
277,control,1,0.1497,0.3119,40,30,10,10,34,1
277,deplete,1,0.12155,0.2789,44,44,45,36,51,2
278,control,1,0.1237,0.16335,27,39,17,18,48,2
278,deplete,1,0.10675,0.13285,49,14,52,70,54,1
28,control,1,0.1666,0.24525,64,40,20,53,21,2
283,control,1,0.14415,0.2764,31,22,35,25,22,1
283,deplete,1,0.1394,0.3625,67,61,55,42,52,2
284,control,1,0.109,0.32585,19,16,11,13,16,2
284,deplete,1,0.1234,0.251,30,42,42,43,46,1
285,control,1,0.11915,0.25535,13,15,10,21,13,1
285,deplete,1,0.14335,0.24265,39,59,41,41,50,2
286,control,1,0.1374,0.2389,27,38,17,30,44,2
286,deplete,1,0.11295,0.2374,70,47,22,56,47,1
287,control,1,0.13135,0.2472,30,46,17,14,43,1
287,deplete,1,0.1521,0.2655,44,61,63,46,61,2
289,control,1,0.135,0.2975,58,44,42,12,49,1
289,deplete,1,0.1305,0.2685,43,63,55,51,63,2
290,control,1,0.11015,0.2835,41,32,33,35,31,2
290,deplete,1,0.09915,0.23675,38,36,43,42,49,1
291,control,1,0.1599,0.22825,50,14,10,11,11,1
291,deplete,1,0.1264,0.27225,37,64,53,58,70,2
292,control,1,0.1034,0.31785,55,16,13,22,16,2
292,deplete,1,0.12165,0.3307,63,51,56,60,55,1
293,control,1,0.09815,0.30295,62,45,29,50,56,1
293,deplete,1,0.11635,0.3003,70,60,70,65,70,2
295,control,1,0.14995,0.2377,51,47,34,58,46,1
295,deplete,1,0.1155,0.2336,67,51,60,70,53,2
296,control,1,0.13605,0.34375,55,18,12,19,20,2
296,deplete,1,0.12745,0.29235,27,54,23,26,58,1
298,control,1,0.1542,0.1945,15,10,11,12,11,2
298,deplete,1,0.13755,0.26185,23,44,58,45,62,1
299,control,1,0.14745,0.2211,39,42,22,21,30,1
299,deplete,1,0.1278,0.2417,51,42,45,41,45,2
30,control,1,0.10675,0.3139,10,10,10,10,10,2
301,control,1,0.10745,0.2702,51,60,40,21,59,1
301,deplete,1,0.10445,0.30555,26,52,29,33,61,2
302,control,1,0.10095,0.26145,55,23,28,46,28,2
302,deplete,1,0.1075,0.22335,54,54,62,49,63,1
303,control,1,0.15095,0.2694,24,11,11,37,12,1
303,deplete,1,0.1118,0.3112,10,41,70,57,42,2
304,control,1,0.1455,0.2998,51,10,10,10,10,2
304,deplete,1,0.12745,0.2559,64,49,40,15,57,1
306,control,1,0.0918,0.3054,17,13,14,15,18,2
306,deplete,1,0.1001,0.24915,57,52,48,60,45,1
307,control,1,0.1042,0.3302,60,18,19,29,13,1
307,deplete,1,0.1051,0.32965,24,61,49,33,49,2
308,control,1,0.118,0.3089,68,55,14,25,27,2
308,deplete,1,0.10725,0.3503,70,70,70,46,70,1
309,control,1,0.10725,0.32595,21,10,10,10,11,1
309,deplete,1,0.1235,0.32385,19,61,32,32,52,2
310,control,1,0.10205,0.21105,27,13,10,12,13,2
310,deplete,1,0.10285,0.1771,70,45,63,70,49,1
312,control,1,0.13425,0.2418,20,33,38,10,27,2
312,deplete,1,0.13355,0.1754,26,50,70,47,49,1
313,control,1,0.13765,0.2471,38,44,21,10,34,1
313,deplete,1,0.1376,0.30965,57,49,56,28,49,2
314,control,1,0.1089,0.30925,63,39,43,10,27,2
314,deplete,1,0.12265,0.2804,70,66,70,67,70,1
315,control,1,0.16695,0.2349,70,45,58,60,24,1
315,deplete,1,0.1526,0.2528,70,55,61,70,15,2
316,control,1,0.12335,0.35625,56,42,29,50,51,2
316,deplete,1,0.1362,0.35035,10,54,29,23,47,1
317,control,1,0.1212,0.2685,50,20,29,35,31,1
317,deplete,1,0.11935,0.36205,43,43,39,44,44,2
318,control,1,0.12455,0.27005,23,17,11,18,18,2
318,deplete,1,0.12235,0.1932,46,53,53,30,44,1
319,control,1,0.12095,0.2453,28,51,40,39,46,1
319,deplete,1,0.1021,0.2777,39,59,53,52,49,2
32,control,1,0.0965,0.18495,59,48,11,10,20,2
323,control,1,0.12545,0.3941,39,41,30,38,40,1
323,deplete,1,0.1234,0.40675,42,41,39,65,41,2
324,control,1,0.09755,0.28805,13,17,13,12,13,2
324,deplete,1,0.12035,0.35955,66,49,48,53,51,1
325,control,1,0.13115,0.2521,13,16,12,11,37,1
325,deplete,1,0.1112,0.30415,62,39,44,61,56,2
326,control,1,0.09715,0.31315,27,10,10,10,10,2
326,deplete,1,0.10585,0.3236,49,41,27,39,38,1
327,control,1,0.11815,0.25205,52,20,30,33,23,1
327,deplete,1,0.13485,0.25635,51,48,45,51,57,2
329,control,1,0.1036,0.24315,24,42,37,32,44,1
329,deplete,1,0.0938,0.3029,46,53,58,42,55,2
33,control,1,0.1079,0.2036,62,20,25,38,24,1
33,deplete,1,0.0908,0.2868,10,54,29,56,67,2
330,control,1,0.11295,0.2991,14,12,11,18,18,2
330,deplete,1,0.1164,0.2404,15,47,24,45,67,1
331,control,1,0.1334,0.19285,70,18,70,11,10,1
331,deplete,1,0.1296,0.2406,70,17,43,48,13,2
332,control,1,0.09815,0.34425,16,13,15,12,12,2
332,deplete,1,0.1366,0.33785,60,30,46,61,33,1
334,control,1,0.13205,0.2543,43,19,20,16,36,2
334,deplete,1,0.12625,0.25395,44,55,44,63,47,1
335,control,1,0.12635,0.26855,10,10,10,10,17,1
335,deplete,1,0.11325,0.27855,54,37,41,26,43,2
336,control,1,0.13105,0.3269,52,11,11,11,11,2
336,deplete,1,0.14465,0.2318,46,31,25,10,14,1
337,control,1,0.1443,0.28325,27,44,16,20,29,1
337,deplete,1,0.1233,0.35135,24,58,31,49,56,2
338,control,1,0.10015,0.28865,68,65,35,29,51,2
338,deplete,1,0.1133,0.33865,46,33,70,61,50,1
339,control,1,0.08525,0.33365,66,26,13,12,28,1
339,deplete,1,0.08415,0.34405,70,53,47,45,59,2
34,control,1,0.1045,0.25135,42,41,36,40,49,2
340,control,1,0.10945,0.30845,19,21,19,16,21,2
340,deplete,1,0.09735,0.2919,42,55,45,49,50,1
342,control,1,0.09735,0.33635,60,21,41,39,25,2
342,deplete,1,0.1018,0.34275,49,49,52,18,52,1
343,control,1,0.0925,0.30075,47,40,13,20,46,1
343,deplete,1,0.09015,0.2006,70,65,70,64,70,2
344,control,1,0.1332,0.19165,38,12,19,14,10,2
344,deplete,1,0.1341,0.228,31,52,70,70,53,1
345,control,1,0.09,0.3753,21,27,21,10,24,1
345,deplete,1,0.07765,0.3076,56,67,52,57,64,2
348,control,1,0.1118,0.259,44,24,24,47,24,2
348,deplete,1,0.1132,0.2568,53,62,53,48,51,1
349,control,1,0.09465,0.2376,65,19,26,17,28,1
349,deplete,1,0.08415,0.2492,70,22,55,61,30,2
35,control,1,0.11135,0.2105,42,12,16,11,39,1
35,deplete,1,0.1433,0.22835,17,60,43,10,65,2
350,control,1,0.11945,0.33725,35,13,23,13,30,2
350,deplete,1,0.1225,0.26425,22,59,23,48,43,1
351,control,1,0.11425,0.262,21,15,15,12,21,1
351,deplete,1,0.1094,0.27925,54,68,59,67,65,2
352,control,1,0.13515,0.3089,35,12,11,10,12,2
352,deplete,1,0.1248,0.31135,39,41,34,20,42,1
353,control,1,0.13615,0.2726,64,23,20,11,17,1
353,deplete,1,0.1184,0.3073,70,57,60,70,70,2
354,control,1,0.13355,0.23265,57,17,15,15,17,2
354,deplete,1,0.11945,0.2836,26,70,67,66,64,1
355,control,1,0.1084,0.2844,58,42,10,21,54,1
355,deplete,1,0.1118,0.29325,10,53,60,47,70,2
357,control,1,0.16655,0.2315,70,44,17,70,60,1
357,deplete,1,0.12475,0.3118,18,56,70,58,51,2
358,control,1,0.1217,0.26775,18,27,19,34,34,2
358,deplete,1,0.1194,0.24995,31,41,44,42,37,1
36,control,1,0.0803,0.2488,26,24,24,44,24,2
361,control,1,0.1346,0.31765,24,13,19,12,22,1
361,deplete,1,0.1437,0.25735,62,54,52,56,56,2
362,control,1,0.1325,0.20295,42,34,54,14,17,2
362,deplete,1,0.10375,0.2303,70,62,59,49,63,1
364,control,1,0.1346,0.256,39,21,25,10,18,2
364,deplete,1,0.13315,0.2361,47,48,25,24,63,1
37,control,1,0.10665,0.2938,54,16,14,17,17,1
37,deplete,1,0.1049,0.31965,65,70,55,65,70,2
38,control,1,0.1249,0.3227,10,10,11,11,69,2
41,control,1,0.14755,0.29305,64,33,51,47,38,1
41,deplete,1,0.1635,0.2304,49,45,46,44,48,2
42,control,1,0.12235,0.18475,37,10,11,12,19,2
43,control,1,0.10785,0.32915,23,19,22,19,20,1
43,deplete,1,0.0952,0.27655,59,57,41,47,56,2
44,control,1,0.1442,0.273,70,24,19,22,27,2
45,control,1,0.17185,0.2549,39,11,19,19,16,1
45,deplete,1,0.1456,0.2392,42,35,29,29,39,2
47,control,1,0.1614,0.1912,53,16,15,20,16,1
47,deplete,1,0.1803,0.2064,60,54,41,50,50,2
49,control,1,0.11355,0.2556,31,28,25,10,35,1
49,deplete,1,0.09335,0.30805,26,56,14,22,52,2
5,control,1,0.14195,0.2399,26,29,31,19,34,1
5,deplete,1,0.13475,0.10875,70,64,70,70,70,2
50,control,1,0.09995,0.20365,37,36,30,44,43,2
52,control,1,0.13105,0.179,17,11,11,12,23,2
53,control,1,0.14675,0.31525,35,52,40,45,61,1
53,deplete,1,0.12165,0.30755,31,54,63,70,54,2
54,control,1,0.11775,0.2747,17,27,22,17,19,2
56,control,1,0.127,0.21545,39,11,10,11,10,2
57,control,1,0.11395,0.23175,43,11,12,11,10,1
57,deplete,1,0.1169,0.18495,49,62,45,43,54,2
59,control,1,0.14925,0.23305,18,20,12,12,17,1
59,deplete,1,0.1139,0.27045,28,45,29,43,49,2
60,control,1,0.11805,0.3053,14,17,17,21,25,2
62,control,1,0.1456,0.29715,51,22,10,10,29,2
64,control,1,0.12185,0.1829,16,12,11,11,12,2
65,control,1,0.1138,0.3278,15,17,15,15,19,1
65,deplete,1,0.0979,0.37605,69,70,55,70,68,2
71,control,1,0.08135,0.26985,37,44,28,29,39,1
71,deplete,1,0.081,0.25025,40,47,44,54,47,2
73,control,1,0.1167,0.2209,27,33,35,29,38,1
73,deplete,1,0.1226,0.2526,70,70,70,48,67,2
74,control,1,0.10965,0.1853,44,20,14,23,21,2
76,control,1,0.1375,0.2507,13,12,10,11,13,2
76,deplete,1,0.14625,0.2297,55,20,18,17,26,1
79,control,1,0.10825,0.30785,25,38,21,25,23,1
79,deplete,1,0.1024,0.3331,70,62,63,70,66,2
80,control,1,0.10605,0.25415,14,16,22,21,24,2
80,deplete,1,0.14835,0.33965,36,61,49,46,63,1
81,control,1,0.11835,0.23155,36,21,10,28,19,1
81,deplete,1,0.08945,0.1911,70,40,45,44,64,2
82,control,1,0.1216,0.27265,26,23,23,21,22,2
82,deplete,1,0.1447,0.27395,63,45,57,52,53,1
83,control,1,0.1316,0.18645,42,29,36,29,47,1
83,deplete,1,0.1115,0.1566,65,51,52,64,51,2
84,control,1,0.14155,0.27705,39,13,14,14,14,2
84,deplete,1,0.1035,0.2337,42,41,42,43,49,1
85,control,1,0.1206,0.28335,53,26,49,28,23,1
85,deplete,1,0.1095,0.2212,70,61,70,64,61,2
86,control,1,0.12305,0.27705,31,14,27,26,21,2
86,deplete,1,0.11585,0.19555,70,34,51,49,26,1
87,control,1,0.1043,0.27465,33,11,14,10,14,1
87,deplete,1,0.115,0.2634,39,47,41,42,60,2
89,control,1,0.1584,0.19145,45,26,13,38,12,1
89,deplete,1,0.1233,0.2131,44,65,46,65,56,2
91,control,1,0.09285,0.3145,45,13,11,11,61,1
91,deplete,1,0.0797,0.2734,66,52,51,51,22,2
92,control,1,0.08745,0.28825,46,18,13,19,19,2
92,deplete,1,0.07665,0.2191,57,46,44,32,43,1
93,control,1,0.18125,0.1663,14,14,12,14,14,1
93,deplete,1,0.13495,0.31365,26,48,45,37,52,2
94,control,1,0.13325,0.31555,42,12,13,10,20,2
94,deplete,1,0.16115,0.24675,70,61,10,68,70,1
96,control,1,0.0994,0.3351,42,55,14,10,30,2
96,deplete,1,0.10665,0.30555,70,51,62,65,54,1
97,control,1,0.1658,0.1418,63,19,10,11,24,1
97,deplete,1,0.18175,0.19285,70,70,70,46,70,2
98,control,1,0.1396,0.33705,11,10,10,10,11,2
98,deplete,1,0.1413,0.2789,70,62,56,47,66,1
1,control,2,0.10785,0.2704,47,50,41,12,50,1
1,deplete,2,0.10465,0.2725,70,48,70,70,63,2
10,control,2,0.10725,0.2516,70,40,43,66,54,2
10,deplete,2,0.1112,0.2188,44,60,46,48,65,1
100,control,2,0.1435,0.1606,46,54,47,49,21,2
100,deplete,2,0.1504,0.22075,37,57,25,46,38,1
101,control,2,0.1507,0.21805,16,19,12,10,29,1
101,deplete,2,0.1568,0.23415,45,54,52,19,60,2
102,control,2,0.12445,0.30075,49,16,42,18,28,2
102,deplete,2,0.1197,0.21765,29,58,63,39,45,1
103,control,2,0.07845,0.1363,21,11,11,10,11,1
103,deplete,2,0.0857,0.1305,47,18,70,26,23,2
104,control,2,0.10885,0.23435,67,57,44,45,40,2
104,deplete,2,0.1117,0.2728,70,50,70,50,53,1
107,control,2,0.15155,0.3355,32,20,23,23,18,1
107,deplete,2,0.13835,0.29355,58,67,62,54,67,2
109,control,2,0.12915,0.2379,56,48,13,11,13,1
109,deplete,2,0.11095,0.28345,52,49,27,24,48,2
11,control,2,0.1026,0.2952,59,49,41,21,51,1
11,deplete,2,0.09495,0.29835,23,50,52,30,48,2
110,control,2,0.12325,0.28835,44,27,15,22,26,2
110,deplete,2,0.14195,0.35765,46,48,43,54,63,1
111,control,2,0.15145,0.2596,42,12,29,14,17,1
111,deplete,2,0.12335,0.2619,35,51,16,51,52,2
113,control,2,0.1087,0.3177,11,16,13,10,15,1
113,deplete,2,0.10675,0.3487,18,68,61,24,69,2
114,control,2,0.1338,0.304,46,27,37,47,14,2
114,deplete,2,0.1328,0.2674,38,42,49,46,51,1
115,control,2,0.10965,0.29085,63,63,59,33,54,1
115,deplete,2,0.11865,0.2608,21,58,20,19,61,2
116,control,2,0.1028,0.2914,44,10,17,11,19,2
116,deplete,2,0.1082,0.30335,63,67,58,52,62,1
12,control,2,0.12735,0.37485,10,10,10,11,11,2
12,deplete,2,0.14955,0.24995,37,45,32,45,54,1
123,control,2,0.13515,0.17895,24,12,10,13,11,1
123,deplete,2,0.1036,0.2128,51,48,19,21,54,2
124,control,2,0.09515,0.30915,43,20,23,18,50,2
124,deplete,2,0.11295,0.3695,47,32,20,16,42,1
125,control,2,0.11405,0.3302,26,35,23,12,28,1
125,deplete,2,0.10685,0.26915,38,62,62,47,70,2
126,control,2,0.1089,0.2673,64,15,11,10,17,2
126,deplete,2,0.16015,0.21885,66,54,24,20,59,1
127,control,2,0.1094,0.33065,21,19,11,10,15,1
127,deplete,2,0.1089,0.3574,59,65,37,59,69,2
128,control,2,0.08625,0.20475,23,29,30,45,30,2
128,deplete,2,0.09825,0.2101,27,49,44,32,51,1
129,control,2,0.1233,0.2662,55,14,11,13,13,1
129,deplete,2,0.11285,0.23325,54,46,30,11,56,2
13,control,2,0.1058,0.2357,60,45,20,16,31,1
13,deplete,2,0.12545,0.3026,55,54,55,57,52,2
131,control,2,0.15325,0.30295,22,30,14,51,15,1
131,deplete,2,0.11015,0.2377,34,40,48,43,61,2
133,control,2,0.20065,0.2129,31,31,28,44,31,1
133,deplete,2,0.1369,0.23355,26,59,50,32,70,2
134,control,2,0.1267,0.31465,49,55,19,41,23,2
134,deplete,2,0.14485,0.23785,36,58,50,44,58,1
135,control,2,0.1571,0.29605,29,14,45,15,24,1
135,deplete,2,0.1099,0.33295,52,56,56,61,58,2
137,control,2,0.1365,0.2137,33,16,11,22,22,1
137,deplete,2,0.13255,0.23085,47,52,55,46,53,2
138,control,2,0.11015,0.2086,38,15,14,26,13,2
138,deplete,2,0.1124,0.36635,29,69,46,25,60,1
139,control,2,0.14725,0.2754,70,62,50,70,62,1
139,deplete,2,0.12275,0.2169,70,70,67,55,70,2
140,control,2,0.1018,0.2037,17,16,17,17,15,2
140,deplete,2,0.1005,0.2065,32,35,17,10,28,1
142,control,2,0.0959,0.22805,32,12,28,27,11,2
142,deplete,2,0.11045,0.20995,29,54,61,57,54,1
143,control,2,0.1362,0.37155,38,50,22,55,61,1
143,deplete,2,0.1306,0.35945,15,70,19,46,51,2
144,control,2,0.1121,0.25895,12,11,14,12,15,2
144,deplete,2,0.10625,0.18215,24,30,10,22,61,1
147,control,2,0.12465,0.1936,60,11,11,12,21,1
147,deplete,2,0.1197,0.20455,14,48,41,41,45,2
15,control,2,0.11095,0.1385,47,45,60,12,18,1
15,deplete,2,0.0881,0.22535,46,41,42,25,44,2
150,control,2,0.125,0.25865,58,11,12,14,11,2
150,deplete,2,0.1299,0.24825,70,32,21,64,45,1
151,control,2,0.12885,0.31255,23,11,11,10,11,1
151,deplete,2,0.12335,0.3443,23,45,49,45,45,2
152,control,2,0.12045,0.2732,53,46,24,12,33,2
152,deplete,2,0.14415,0.2548,62,27,49,48,21,1
153,control,2,0.11235,0.3208,28,18,15,16,12,1
153,deplete,2,0.10715,0.29745,44,70,63,21,70,2
154,control,2,0.1051,0.3003,19,15,20,26,13,2
154,deplete,2,0.1007,0.2297,55,70,55,42,59,1
155,control,2,0.14465,0.17445,70,59,41,50,57,1
155,deplete,2,0.1295,0.0947,56,55,49,63,70,2
156,control,2,0.1271,0.26785,52,11,11,10,10,2
156,deplete,2,0.1766,0.1767,36,57,70,58,45,1
157,control,2,0.11025,0.2443,28,30,12,29,55,1
157,deplete,2,0.092,0.2361,68,48,50,24,67,2
158,control,2,0.15675,0.20805,13,52,25,45,57,2
158,deplete,2,0.18555,0.1769,35,49,54,37,53,1
159,control,2,0.11495,0.2655,10,17,35,56,40,1
159,deplete,2,0.0845,0.2495,59,41,53,26,54,2
16,control,2,0.0815,0.3154,62,25,19,10,28,2
16,deplete,2,0.0831,0.3522,70,70,67,57,70,1
160,control,2,0.1024,0.1025,14,11,14,10,17,2
160,deplete,2,0.14925,0.1753,70,27,59,55,16,1
161,control,2,0.1031,0.25515,25,20,32,27,22,1
161,deplete,2,0.1075,0.30365,43,64,43,45,66,2
162,control,2,0.09845,0.3174,40,17,19,34,23,2
162,deplete,2,0.0822,0.3391,39,70,32,64,70,1
163,control,2,0.10875,0.3126,35,16,15,25,20,1
163,deplete,2,0.08215,0.31395,65,66,65,45,68,2
166,control,2,0.106,0.15725,12,14,12,39,40,2
166,deplete,2,0.0979,0.18775,70,55,55,61,70,1
167,control,2,0.1575,0.2341,24,11,11,11,25,1
167,deplete,2,0.1609,0.1927,70,70,70,58,70,2
168,control,2,0.0937,0.3617,57,34,26,41,29,2
168,deplete,2,0.09995,0.25905,50,66,43,49,55,1
169,control,2,0.1357,0.2464,43,45,37,14,40,1
169,deplete,2,0.1172,0.2633,57,45,48,35,47,2
170,control,2,0.10175,0.4093,15,26,49,58,52,2
170,deplete,2,0.1007,0.3052,35,58,26,15,61,1
171,control,2,0.13925,0.3349,56,39,48,15,23,1
171,deplete,2,0.10735,0.2751,37,67,48,64,65,2
172,control,2,0.12365,0.2881,22,37,44,19,28,2
172,deplete,2,0.1781,0.16595,62,60,57,49,47,1
173,control,2,0.16155,0.22275,23,20,10,13,10,1
173,deplete,2,0.1224,0.2888,49,64,51,43,58,2
2,control,2,0.1041,0.23535,30,23,12,17,12,2
2,deplete,2,0.1268,0.2354,33,52,10,33,47,1
20,control,2,0.1131,0.27945,34,28,24,14,20,2
20,deplete,2,0.1161,0.2708,70,45,34,19,45,1
21,control,2,0.1143,0.24515,12,19,38,19,16,1
21,deplete,2,0.1335,0.2426,70,37,32,30,26,2
22,control,2,0.12725,0.3162,57,13,21,22,12,2
22,deplete,2,0.12865,0.2462,70,22,62,61,61,1
23,control,2,0.10825,0.29635,56,30,35,13,20,1
23,deplete,2,0.09315,0.29165,44,50,48,49,70,2
24,control,2,0.13485,0.2451,66,11,12,12,13,2
24,deplete,2,0.1409,0.2663,44,62,51,60,67,1
26,control,2,0.1057,0.27585,69,58,48,55,16,2
26,deplete,2,0.103,0.24095,31,45,43,44,48,1
27,control,2,0.1044,0.3332,32,18,14,16,29,1
27,deplete,2,0.11135,0.3099,47,55,35,26,33,2
28,control,2,0.0973,0.33685,43,11,11,10,11,2
28,deplete,2,0.10985,0.27665,44,21,46,45,44,1
29,control,2,0.10305,0.2513,48,36,25,11,26,1
29,deplete,2,0.0932,0.2556,68,62,43,45,63,2
30,control,2,0.09725,0.2661,68,16,18,11,11,2
30,deplete,2,0.11995,0.20825,48,46,70,45,51,1
31,control,2,0.15585,0.1865,70,17,64,66,45,1
31,deplete,2,0.1254,0.168,69,59,70,65,65,2
33,control,2,0.11465,0.29645,18,16,25,17,22,1
33,deplete,2,0.12895,0.3333,55,51,42,38,48,2
34,control,2,0.1307,0.362,24,33,13,15,22,2
34,deplete,2,0.13405,0.35675,45,61,37,41,52,1
35,control,2,0.11385,0.21585,24,12,11,11,11,1
35,deplete,2,0.11245,0.18055,44,38,14,22,28,2
36,control,2,0.10235,0.3762,48,24,21,25,24,2
36,deplete,2,0.1209,0.4186,38,40,48,44,35,1
37,control,2,0.1039,0.2786,15,24,10,21,21,1
37,deplete,2,0.0933,0.2598,32,42,50,22,43,2
38,control,2,0.09125,0.37565,40,10,10,10,10,2
38,deplete,2,0.08725,0.41945,48,55,63,44,70,1
39,control,2,0.13435,0.2329,33,20,18,36,32,1
39,deplete,2,0.12165,0.24485,17,52,23,39,61,2
4,control,2,0.1355,0.2986,39,11,11,19,10,2
4,deplete,2,0.16695,0.2847,60,61,47,62,59,1
40,control,2,0.09665,0.3696,13,17,11,10,15,2
40,deplete,2,0.0917,0.36325,41,39,16,39,39,1
41,control,2,0.1066,0.2294,44,17,10,10,10,1
41,deplete,2,0.1161,0.2598,45,44,43,32,47,2
42,control,2,0.10485,0.19225,11,13,12,15,12,2
42,deplete,2,0.0923,0.14815,44,52,10,20,31,1
43,control,2,0.1258,0.22805,57,13,14,15,14,1
43,deplete,2,0.11645,0.27725,10,70,66,70,70,2
44,control,2,0.0924,0.32645,15,13,26,13,14,2
44,deplete,2,0.1005,0.2507,50,45,51,51,54,1
45,control,2,0.15365,0.19825,49,17,23,14,13,1
45,deplete,2,0.11985,0.26175,36,49,16,25,57,2
46,control,2,0.14735,0.2716,12,14,62,16,16,1
46,deplete,2,0.1855,0.25445,66,51,47,55,64,2
48,control,2,0.10085,0.2258,50,17,13,11,13,2
48,deplete,2,0.1286,0.23355,65,60,55,48,50,1
49,control,2,0.12175,0.19225,32,13,14,34,14,1
49,deplete,2,0.096,0.20255,39,58,59,56,62,2
50,control,2,0.0996,0.2626,43,54,29,48,27,2
50,deplete,2,0.10675,0.2645,55,47,54,20,46,1
51,control,2,0.10245,0.31245,17,26,38,23,23,1
51,deplete,2,0.11475,0.32945,26,53,55,46,59,2
52,control,2,0.0911,0.3002,51,11,21,18,11,2
52,deplete,2,0.09425,0.2372,61,33,42,35,41,1
53,control,2,0.14885,0.34115,43,42,24,13,16,1
53,deplete,2,0.12265,0.32775,49,43,29,32,36,2
55,control,2,0.1103,0.25755,49,46,23,29,52,1
55,deplete,2,0.0899,0.25395,52,52,31,51,58,2
56,control,2,0.1253,0.318,48,16,30,32,18,2
56,deplete,2,0.12735,0.2866,26,56,49,49,68,1
60,control,2,0.0997,0.2913,47,13,23,13,12,2
60,deplete,2,0.11555,0.2113,70,68,70,70,70,1
61,control,2,0.11285,0.27625,10,24,14,10,54,1
61,deplete,2,0.1062,0.3126,20,47,31,46,48,2
62,control,2,0.0934,0.40435,50,29,21,38,21,2
62,deplete,2,0.1394,0.2671,34,49,47,43,50,1
63,control,2,0.15765,0.2272,64,39,10,10,10,1
63,deplete,2,0.19045,0.24695,53,49,40,10,53,2
64,control,2,0.1269,0.2372,66,55,11,46,11,2
64,deplete,2,0.1562,0.2403,18,66,33,61,64,1
67,control,2,0.1301,0.2362,60,10,47,46,11,1
67,deplete,2,0.11685,0.16325,65,66,66,64,67,2
68,control,2,0.1264,0.21555,25,10,10,10,10,2
68,deplete,2,0.1328,0.2068,38,44,37,44,46,1
69,control,2,0.15485,0.27755,32,50,34,48,42,1
69,deplete,2,0.13065,0.2778,18,70,55,59,70,2
70,control,2,0.1344,0.3209,26,10,10,10,10,2
70,deplete,2,0.12865,0.30095,57,59,10,39,43,1
71,control,2,0.13585,0.30035,56,13,37,27,15,1
71,deplete,2,0.102,0.1852,49,64,59,56,62,2
72,control,2,0.11185,0.3205,12,15,12,21,13,2
72,deplete,2,0.1358,0.31425,10,51,53,21,59,1
73,control,2,0.10405,0.21325,38,42,29,20,35,1
73,deplete,2,0.11105,0.3205,34,60,52,48,67,2
75,control,2,0.14985,0.2781,25,18,19,23,23,1
75,deplete,2,0.11105,0.2447,63,56,62,62,62,2
76,control,2,0.10035,0.3944,19,12,20,12,10,2
76,deplete,2,0.0971,0.35555,31,70,35,70,70,1
77,control,2,0.1355,0.2401,48,19,22,54,14,1
77,deplete,2,0.1116,0.218,58,48,51,66,58,2
78,control,2,0.10595,0.27445,24,39,27,15,44,2
78,deplete,2,0.13225,0.24805,38,44,28,39,49,1
79,control,2,0.1175,0.24685,15,13,10,10,13,2
79,deplete,2,0.1279,0.26105,53,56,53,59,53,1
8,control,2,0.14375,0.3529,46,20,14,17,23,2
8,deplete,2,0.1453,0.17365,69,58,57,70,70,1
80,control,2,0.1289,0.33615,35,40,18,33,31,2
80,deplete,2,0.1385,0.31145,32,47,49,31,54,1
81,control,2,0.10485,0.16225,69,62,28,51,29,2
81,deplete,2,0.10705,0.1801,44,59,44,70,65,1
82,control,2,0.11695,0.2448,20,15,11,18,15,2
82,deplete,2,0.13575,0.34035,56,52,50,43,62,1
83,control,2,0.1494,0.1602,26,27,34,50,32,1
83,deplete,2,0.1252,0.11905,58,47,58,58,70,2
84,control,2,0.12005,0.2531,47,29,16,13,31,2
84,deplete,2,0.12505,0.31975,22,67,33,52,57,1
86,control,2,0.10265,0.31195,18,11,12,17,10,2
86,deplete,2,0.11225,0.3145,49,41,67,20,42,1
87,control,2,0.10665,0.31485,10,12,10,27,40,1
87,deplete,2,0.094,0.23185,40,47,47,25,48,2
88,control,2,0.15435,0.19115,22,16,30,16,15,2
88,deplete,2,0.17515,0.18095,59,59,57,51,30,1
89,control,2,0.1393,0.25465,19,35,21,43,30,1
89,deplete,2,0.1364,0.3145,12,64,44,23,45,2
9,control,2,0.09795,0.30855,44,45,32,17,22,1
9,deplete,2,0.11305,0.31915,37,52,41,49,49,2
90,control,2,0.1336,0.25605,22,28,26,32,32,2
90,deplete,2,0.1108,0.21305,42,46,37,55,44,1
92,control,2,0.1325,0.2122,16,10,40,28,38,2
92,deplete,2,0.138,0.22235,36,50,32,37,41,1
93,control,2,0.16575,0.2081,10,35,17,11,39,1
93,deplete,2,0.1456,0.22575,53,49,62,41,57,2
94,control,2,0.1012,0.37095,50,44,15,11,12,2
94,deplete,2,0.0992,0.35875,30,41,43,27,49,1
95,control,2,0.16445,0.23505,53,52,33,21,49,1
95,deplete,2,0.12135,0.26075,28,70,61,52,54,2
96,control,2,0.118,0.21745,39,34,36,33,27,2
96,deplete,2,0.151,0.2355,43,41,32,41,41,1
97,control,2,0.1157,0.3087,20,12,14,12,13,1
97,deplete,2,0.1074,0.37605,37,46,55,42,56,2
99,control,2,0.1405,0.3054,28,26,33,13,44,1
99,deplete,2,0.10225,0.31375,13,70,15,20,70,2
JSCTIY4&(9@QK1&(,control,3,0.1161,0.2241,49,21,67,32,15,1
JSCTIY4&(9@QK1&(,deplete,3,0.14125,0.20315,66,60,51,32,70,2
I^J90YM7^9^L1&(,control,3,0.09135,0.32505,39,14,10,15,15,2
I^J90YM7^9^L1&(,deplete,3,0.0766,0.2161,70,48,40,70,70,1
@H&(BUU#JKF4L1&(,control,3,0.12305,0.2828,26,12,12,13,13,2
@H&(BUU#JKF4L1&(,deplete,3,0.09535,0.3786,48,56,48,57,58,1
21SIC7ELGAE#L1&(,control,3,0.11865,0.2724,56,11,16,28,26,2
21SIC7ELGAE#L1&(,deplete,3,0.09845,0.2414,14,70,60,57,70,1
GMU1QFMOJ9BL1&(,control,3,0.11145,0.3034,51,23,30,18,27,2
GMU1QFMOJ9BL1&(,deplete,3,0.1356,0.248,65,70,70,49,70,1
!XCS^BRHILQL1&(,control,3,0.12345,0.2293,19,12,10,13,19,2
!XCS^BRHILQL1&(,deplete,3,0.12205,0.23075,29,33,10,17,46,1
WKE9L&(2K1Z$M1&(,control,3,0.1551,0.3268,19,14,46,10,17,2
WKE9L&(2K1Z$M1&(,deplete,3,0.13195,0.3832,57,70,70,65,70,1
^22MLO2&(BBRM1&(,control,3,0.1466,0.2582,59,11,12,16,13,1
^22MLO2&(BBRM1&(,deplete,3,0.1489,0.21085,59,49,61,12,56,2
ZZESRIM0FE1!1&(,control,3,0.14465,0.22275,13,10,10,10,10,2
ZZESRIM0FE1!1&(,deplete,3,0.1258,0.3005,23,58,51,22,56,1
RQ29@XLTKT8!1&(,control,3,0.13135,0.31015,36,37,18,24,33,2
RQ29@XLTKT8!1&(,deplete,3,0.12255,0.2,70,54,56,51,53,1
787&(E8!CZSC!1&(,control,3,0.10815,0.26215,60,20,37,46,15,2
787&(E8!CZSC!1&(,deplete,3,0.09615,0.2354,62,57,58,62,65,1
SSU^8T9W48K!1&(,control,3,0.13055,0.17695,40,13,12,14,11,2
SSU^8T9W48K!1&(,deplete,3,0.12355,0.2453,22,70,70,64,70,1
M994WBEUT1FAE1&(,control,3,0.15825,0.2043,43,48,47,52,56,2
M994WBEUT1FAE1&(,deplete,3,0.1453,0.2264,64,43,34,48,46,1
G91YQ4BFBCKAE1&(,control,3,0.123,0.351,55,10,10,10,10,2
G91YQ4BFBCKAE1&(,deplete,3,0.09585,0.3976,70,70,45,49,70,1
W2ZF#JT49JIQ1&(,control,3,0.08995,0.1778,20,21,17,12,20,2
W2ZF#JT49JIQ1&(,deplete,3,0.09265,0.28555,70,67,68,70,67,1
Q7#0500E@GRQ1&(,control,3,0.15755,0.274,10,20,10,10,15,1
Q7#0500E@GRQ1&(,deplete,3,0.1546,0.24475,30,68,10,10,65,2
9JZXFCLYR1XQ1&(,control,3,0.15185,0.33425,11,12,11,12,14,1
9JZXFCLYR1XQ1&(,deplete,3,0.149,0.3178,10,70,67,23,70,2
QBO1MIH0F8OT1&(,control,3,0.1256,0.23335,30,20,23,30,21,1
QBO1MIH0F8OT1&(,deplete,3,0.1349,0.241,43,65,43,35,57,2
L5EJ8F#BL7WU1&(,control,3,0.17605,0.2667,15,12,13,13,14,2
L5EJ8F#BL7WU1&(,deplete,3,0.16025,0.22625,45,56,68,56,57,1
LIBAE^&(CML@XU1&(,control,3,0.1247,0.1664,10,11,25,12,26,1
LIBAE^&(CML@XU1&(,deplete,3,0.13035,0.20765,70,70,70,70,70,2
!WC9LF2W2YU1&(,control,3,0.14325,0.19895,11,14,12,11,20,1
!WC9LF2W2YU1&(,deplete,3,0.1407,0.21155,49,54,59,33,59,2
#MG7$AEYJ0AE2@1&(,control,3,0.1112,0.17065,10,11,10,10,11,2
#MG7$AEYJ0AE2@1&(,deplete,3,0.0848,0.306,10,46,17,19,62,1
0AEJ15UTHFSZ@1&(,control,3,0.09,0.4217,43,10,32,29,11,2
0AEJ15UTHFSZ@1&(,deplete,3,0.1062,0.3608,62,70,65,54,70,1
XT7$@W1AE7B8W1&(,control,3,0.1399,0.24175,45,21,10,10,21,1
XT7$@W1AE7B8W1&(,deplete,3,0.14335,0.21885,36,53,62,54,68,2
H8Q0G4@^9Z#X1&(,control,3,0.1223,0.34885,13,15,10,31,10,1
H8Q0G4@^9Z#X1&(,deplete,3,0.11025,0.3314,42,44,44,50,49,2
FI85^WXXWZBY1&(,control,3,0.1089,0.2957,11,10,11,11,11,2
FI85^WXXWZBY1&(,deplete,3,0.13005,0.2698,10,67,20,15,44,1
T1$K2#4&(U2YZ1&(,control,3,0.13945,0.2666,66,51,45,24,24,2
T1$K2#4&(U2YZ1&(,deplete,3,0.12775,0.3109,70,70,70,70,70,1
R24HJ###5B002&(,control,3,0.12515,0.21075,45,16,14,18,17,1
R24HJ###5B002&(,deplete,3,0.12905,0.23415,44,30,20,26,45,2
5774YBOCTI!02&(,control,3,0.126,0.32495,70,10,10,54,10,1
5774YBOCTI!02&(,deplete,3,0.10915,0.37165,30,43,10,35,70,2
!WOBC^W@^IW02&(,control,3,0.13835,0.34185,55,17,16,14,31,1
!WOBC^W@^IW02&(,deplete,3,0.11345,0.2435,46,43,49,28,46,2
HF1T5ZMB7^4^2&(,control,3,0.0995,0.23615,17,12,11,30,13,1
HF1T5ZMB7^4^2&(,deplete,3,0.10095,0.29535,21,70,70,55,70,2
R^M72ZG4UI242&(,control,3,0.0869,0.3062,11,37,11,14,58,1
R^M72ZG4UI242&(,deplete,3,0.0913,0.3293,27,53,51,45,50,2
9KGCFAE5SEF052&(,control,3,0.10765,0.407,39,14,14,14,15,2
9KGCFAE5SEF052&(,deplete,3,0.101,0.4128,52,59,53,54,55,1
1^7TGI0$U1^52&(,control,3,0.1692,0.26015,28,11,10,13,13,2
1^7TGI0$U1^52&(,deplete,3,0.1436,0.27,24,69,58,15,63,1
XOM2AEGBEH4&(#2&(,control,3,0.1105,0.2421,10,12,10,10,17,2
XOM2AEGBEH4&(#2&(,deplete,3,0.10165,0.21355,10,69,15,25,56,1
O&(L0OCUB#7I#2&(,control,3,0.1269,0.31825,52,10,10,17,10,2
O&(L0OCUB#7I#2&(,deplete,3,0.12105,0.222,66,46,48,65,46,1
!@T&(TFGGLG!#2&(,control,3,0.1325,0.3216,10,14,10,10,21,1
!@T&(TFGGLG!#2&(,deplete,3,0.1479,0.3224,28,62,57,10,69,2
RFZM5CIJ#BC72&(,control,3,0.1167,0.17575,49,14,17,25,25,1
RFZM5CIJ#BC72&(,deplete,3,0.1224,0.3059,45,44,48,31,51,2
Q8SJXF9OGB!72&(,control,3,0.11105,0.3308,21,26,11,19,19,2
Q8SJXF9OGB!72&(,deplete,3,0.0973,0.29265,70,51,70,56,55,1
E^!&(WW4AES&(182&(,control,3,0.17125,0.2086,14,11,15,13,14,2
E^!&(WW4AES&(182&(,deplete,3,0.14525,0.2806,12,36,64,53,56,1
L@KOY^LQXYS82&(,control,3,0.1365,0.2383,63,10,27,63,10,2
L@KOY^LQXYS82&(,deplete,3,0.113,0.25055,49,70,62,46,60,1
I$GJR0OFY&(992&(,control,3,0.17365,0.1505,66,23,18,64,22,2
I$GJR0OFY&(992&(,deplete,3,0.1483,0.16885,68,56,55,17,61,1
9O1WJAEMQM2&(92&(,control,3,0.11895,0.28815,50,19,12,10,17,1
9O1WJAEMQM2&(92&(,deplete,3,0.09775,0.3486,64,24,39,22,38,2
YC1!#@9O0I92&(,control,3,0.1494,0.3404,13,10,10,10,10,2
YC1!#@9O0I92&(,deplete,3,0.1631,0.2923,27,64,23,25,51,1
J^59GE5BL70&(2&(,control,3,0.11455,0.2455,17,17,12,52,15,1
J^59GE5BL70&(2&(,deplete,3,0.09715,0.2308,21,62,65,47,63,2
H$J80#&(AE&(E8B2&(,control,3,0.152,0.3342,10,11,12,11,11,1
H$J80#&(AE&(E8B2&(,deplete,3,0.15175,0.33105,41,70,51,27,64,2
0^$F@!0$LUJB2&(,control,3,0.09155,0.1576,12,12,13,12,13,1
0^$F@!0$LUJB2&(,deplete,3,0.13235,0.15245,70,64,59,16,58,2
WXBWTAE0XC1!B2&(,control,3,0.10715,0.3038,48,14,13,11,20,1
WXBWTAE0XC1!B2&(,deplete,3,0.11935,0.24315,38,51,58,45,65,2
UX9QCM29OT^E2&(,control,3,0.10645,0.25255,51,16,10,10,17,1
UX9QCM29OT^E2&(,deplete,3,0.11255,0.2769,53,49,14,10,52,2
1&(O4W#$UZAE5E2&(,control,3,0.1173,0.31435,14,10,15,10,14,1
1&(O4W#$UZAE5E2&(,deplete,3,0.10505,0.24505,65,60,59,16,63,2
LEJ!0CF$GXCE2&(,control,3,0.1192,0.3155,47,16,14,10,17,1
LEJ!0CF$GXCE2&(,deplete,3,0.116,0.4375,14,49,47,48,52,2
LFL$CS8X#OFE2&(,control,3,0.1326,0.2231,31,31,34,48,49,1
LFL$CS8X#OFE2&(,deplete,3,0.109,0.25665,47,70,63,62,65,2
S7H!LO4!BZFE2&(,control,3,0.1076,0.2116,61,49,50,13,25,2
S7H!LO4!BZFE2&(,deplete,3,0.1104,0.2686,49,66,50,60,50,1
@M@01OFZ2RKE2&(,control,3,0.18015,0.1583,15,20,21,15,22,2
@M@01OFZ2RKE2&(,deplete,3,0.12425,0.19385,66,56,57,64,55,1
S8^IAE@0YSBAEE2&(,control,3,0.15135,0.31135,54,19,16,19,15,2
S8^IAE@0YSBAEE2&(,deplete,3,0.14305,0.283,37,67,56,50,70,1
C1C9#2W7I0EF2&(,control,3,0.1228,0.32525,14,24,10,12,25,2
C1C9#2W7I0EF2&(,deplete,3,0.1106,0.321,10,70,55,10,70,1
MLTC7!JM25&(H2&(,control,3,0.1322,0.2661,11,17,11,11,15,1
MLTC7!JM25&(H2&(,deplete,3,0.11825,0.2766,30,20,13,18,17,2
X&(&(ZM$1JCZEH2&(,control,3,0.10435,0.17405,16,65,69,67,67,1
X&(&(ZM$1JCZEH2&(,deplete,3,0.08755,0.3117,15,56,48,14,67,2
SQT7SIBSLIJH2&(,control,3,0.1301,0.24715,11,11,11,11,11,2
SQT7SIBSLIJH2&(,deplete,3,0.1096,0.24725,16,57,57,56,61,1
F29MBK9^YX!I2&(,control,3,0.12095,0.2689,10,10,10,10,19,1
F29MBK9^YX!I2&(,deplete,3,0.10625,0.2337,48,70,65,61,70,2
2TZY0M^QMRFJ2&(,control,3,0.1129,0.2983,70,12,10,13,13,1
2TZY0M^QMRFJ2&(,deplete,3,0.12575,0.2888,63,44,31,26,35,2
KZRQYM!E$AEYJ2&(,control,3,0.11815,0.18455,44,63,27,45,62,1
KZRQYM!E$AEYJ2&(,deplete,3,0.13485,0.2361,10,60,10,23,10,2
AEFGB&(QR8IOBL2&(,control,3,0.135,0.32375,56,18,23,17,18,2
AEFGB&(QR8IOBL2&(,deplete,3,0.13185,0.30625,42,47,49,47,48,1
8GC5&(KAE@Q0IL2&(,control,3,0.13755,0.2745,10,10,10,10,10,2
8GC5&(KAE@Q0IL2&(,deplete,3,0.1597,0.25275,39,56,10,10,45,1
!M5$0SX0S5WM2&(,control,3,0.1552,0.19325,53,12,13,11,12,2
!M5$0SX0S5WM2&(,deplete,3,0.156,0.18925,55,62,62,33,63,1
FGYMZ^^BFG2!2&(,control,3,0.14695,0.2926,24,12,12,12,16,1
FGYMZ^^BFG2!2&(,deplete,3,0.1445,0.32255,20,53,31,54,64,2
521KQU#!K&(L!2&(,control,3,0.1286,0.29375,28,15,13,12,15,2
521KQU#!K&(L!2&(,deplete,3,0.12225,0.3065,21,56,46,56,55,1
&(M24HBAE7J8#O2&(,control,3,0.1298,0.3119,47,17,16,22,16,1
&(M24HBAE7J8#O2&(,deplete,3,0.11645,0.25225,70,70,70,70,70,2
Y#GKZL0CLI!O2&(,control,3,0.1065,0.37885,44,26,27,40,31,1
Y#GKZL0CLI!O2&(,deplete,3,0.1165,0.3775,50,42,37,19,40,2
CB84$L1^STXO2&(,control,3,0.1053,0.29405,67,10,10,12,12,1
CB84$L1^STXO2&(,deplete,3,0.1122,0.335,36,54,48,44,61,2
CETBXSJRRBHAE2&(,control,3,0.12525,0.3224,68,12,24,12,12,2
CETBXSJRRBHAE2&(,deplete,3,0.1196,0.3916,27,50,53,65,56,1
Z@0WOX$Z^LUAE2&(,control,3,0.12265,0.26715,21,24,19,12,25,2
Z@0WOX$Z^LUAE2&(,deplete,3,0.1022,0.3069,13,62,54,58,66,1
HW4GC!UJQTZAE2&(,control,3,0.1376,0.3095,49,10,16,36,12,1
HW4GC!UJQTZAE2&(,deplete,3,0.1548,0.30585,27,70,44,48,48,2
ERCKSJC21EHR2&(,control,3,0.13165,0.3056,53,21,18,14,35,1
ERCKSJC21EHR2&(,deplete,3,0.1322,0.28585,10,70,10,10,10,2
H8X@!BYGSS7S2&(,control,3,0.13555,0.1781,15,19,19,16,15,1
H8X@!BYGSS7S2&(,deplete,3,0.1226,0.18885,59,59,58,57,59,2
91X2JIH8^CRS2&(,control,3,0.1164,0.3982,50,20,10,10,12,1
91X2JIH8^CRS2&(,deplete,3,0.1254,0.37435,10,47,49,22,63,2
5O1AE45X5MQWS2&(,control,3,0.1241,0.32435,11,16,11,14,17,2
5O1AE45X5MQWS2&(,deplete,3,0.0931,0.33255,32,60,60,50,59,1
BT5M!!UFT@$U2&(,control,3,0.10495,0.19825,68,38,14,14,16,2
BT5M!!UFT@$U2&(,deplete,3,0.1134,0.19445,67,64,61,56,62,1
LE8WBAE7&(@@EU2&(,control,3,0.1396,0.23075,16,20,15,22,20,1
LE8WBAE7&(@@EU2&(,deplete,3,0.12525,0.293,56,33,25,26,50,2
&(ZTW#YQ@@@EU2&(,control,3,0.10025,0.21605,13,62,48,60,27,1
&(ZTW#YQ@@@EU2&(,deplete,3,0.10515,0.2487,29,70,54,67,68,2
WLAEAE!&(HF89QU2&(,control,3,0.10505,0.28265,67,15,18,10,18,2
WLAEAE!&(HF89QU2&(,deplete,3,0.095,0.25555,63,58,55,54,61,1
G#8TK&(25G2W@2&(,control,3,0.114,0.3401,55,13,18,17,15,2
G#8TK&(25G2W@2&(,deplete,3,0.10065,0.33,58,55,51,10,58,1
T0L&(LTW&(5ZY@2&(,control,3,0.1062,0.30665,29,30,23,12,33,1
T0L&(LTW&(5ZY@2&(,deplete,3,0.10335,0.32895,28,47,35,22,57,2
7^#B$GBG2I^W2&(,control,3,0.12375,0.2989,61,11,12,12,14,2
7^#B$GBG2I^W2&(,deplete,3,0.10965,0.3031,21,70,69,66,70,1
T12EQFX!OZ#W2&(,control,3,0.15255,0.1645,51,18,12,15,17,2
T12EQFX!OZ#W2&(,deplete,3,0.0919,0.14405,23,51,34,48,50,1
B!QU!W#80CHW2&(,control,3,0.18725,0.2535,25,18,11,14,17,1
B!QU!W#80CHW2&(,deplete,3,0.1623,0.2259,57,69,57,55,49,2
EIRZ4Z^2ZLMW2&(,control,3,0.11465,0.4078,55,10,11,10,10,2
EIRZ4Z^2ZLMW2&(,deplete,3,0.11025,0.39775,69,70,63,70,68,1
GBR72R7B2KTX2&(,control,3,0.0923,0.36935,43,14,24,14,15,1
GBR72R7B2KTX2&(,deplete,3,0.08125,0.3149,68,70,23,69,70,2
WIT#MX0J947Y2&(,control,3,0.1175,0.2584,52,20,20,17,31,1
WIT#MX0J947Y2&(,deplete,3,0.1096,0.29545,38,62,30,25,60,2
BHG42F0Z!Z9Y2&(,control,3,0.123,0.24815,31,17,15,17,21,1
BHG42F0Z!Z9Y2&(,deplete,3,0.0985,0.26055,27,63,68,37,70,2
@7&(MJ144E&(QY2&(,control,3,0.13955,0.31435,70,19,10,10,10,2
@7&(MJ144E&(QY2&(,deplete,3,0.146,0.28105,36,44,10,10,46,1
0GE0ZW0&(T^4Z2&(,control,3,0.1522,0.20495,32,17,14,12,16,1
0GE0ZW0&(T^4Z2&(,deplete,3,0.14385,0.19035,34,68,69,68,70,2
7@AE$4EJYKCUZ2&(,control,3,0.1038,0.01985,29,31,23,31,50,2
7@AE$4EJYKCUZ2&(,deplete,3,0.09025,0.2633,64,53,47,29,50,1
WI&(IFF@E&(AEG0^&(,control,3,0.12065,0.2579,44,11,39,48,17,1
WI&(IFF@E&(AEG0^&(,deplete,3,0.1127,0.23075,58,70,60,44,67,2
G0F#S9G789W0^&(,control,3,0.17495,0.2277,10,10,10,10,11,1
G0F#S9G789W0^&(,deplete,3,0.1291,0.29205,18,48,52,29,53,2
XZO@G4^H&(U#4^&(,control,3,0.10385,0.4557,11,25,11,29,17,2
XZO@G4^H&(U#4^&(,deplete,3,0.09725,0.4139,10,70,70,20,70,1
!1L$BU@C0R$4^&(,control,3,0.1034,0.36425,11,15,11,37,17,2
!1L$BU@C0R$4^&(,deplete,3,0.1194,0.3949,10,70,70,56,70,1
BMAE&(5QZ5REU4^&(,control,3,0.12705,0.1893,26,12,11,12,12,2
BMAE&(5QZ5REU4^&(,deplete,3,0.1089,0.24095,70,70,50,70,46,1
C!01XUT$KX^5^&(,control,3,0.1676,0.19675,49,10,10,10,10,1
C!01XUT$KX^5^&(,deplete,3,0.1461,0.244,52,47,31,46,43,2
YI5T&(S70ROU5^&(,control,3,0.15175,0.2893,36,25,15,46,54,1
YI5T&(S70ROU5^&(,deplete,3,0.1306,0.25525,58,57,45,55,59,2
&(CCJ2RW$G90#^&(,control,3,0.10815,0.373,10,21,10,10,30,2
&(CCJ2RW$G90#^&(,deplete,3,0.09785,0.3182,17,70,52,62,70,1
B!4FJUKX4SO#^&(,control,3,0.1227,0.22245,16,13,14,10,18,2
B!4FJUKX4SO#^&(,deplete,3,0.1244,0.21805,57,48,26,15,60,1
MK2T&(5XLYTO#^&(,control,3,0.13385,0.29105,10,10,10,10,10,2
MK2T&(5XLYTO#^&(,deplete,3,0.10615,0.23115,29,66,25,26,57,1
W9UKKYFBMQ57^&(,control,3,0.12625,0.2875,17,19,28,16,13,1
W9UKKYFBMQ57^&(,deplete,3,0.1136,0.30925,64,67,64,66,68,2
^02IXOX4SZG7^&(,control,3,0.11835,0.37335,63,15,20,10,10,1
^02IXOX4SZG7^&(,deplete,3,0.0965,0.3277,10,65,70,29,60,2
YE0KKWM#7@H8^&(,control,3,0.12015,0.28125,16,13,11,12,21,1
YE0KKWM#7@H8^&(,deplete,3,0.14085,0.24515,43,46,25,43,43,2
HGERWWYTUYH8^&(,control,3,0.09775,0.2594,11,59,47,60,59,1
HGERWWYTUYH8^&(,deplete,3,0.12215,0.30995,42,64,61,62,57,2
T#F5AE^ZB@EL8^&(,control,3,0.1028,0.3294,27,17,13,14,15,2
T#F5AE^ZB@EL8^&(,deplete,3,0.1322,0.35515,29,66,60,47,62,1
C@MLR8KI$&(G9^&(,control,3,0.1111,0.2844,65,17,14,18,25,1
C@MLR8KI$&(G9^&(,deplete,3,0.1477,0.10905,67,47,17,24,18,2
TKRRW$05WOR9^&(,control,3,0.1282,0.2819,17,10,10,10,10,1
TKRRW$05WOR9^&(,deplete,3,0.105,0.2807,21,65,67,46,67,2
0@1H@XW8OMAE&(^&(,control,3,0.1185,0.2174,27,16,18,12,18,1
0@1H@XW8OMAE&(^&(,deplete,3,0.1404,0.2843,30,49,49,35,50,2
RGGCTKWC^FGC^&(,control,3,0.12305,0.32365,16,10,12,11,11,2
RGGCTKWC^FGC^&(,deplete,3,0.1209,0.32475,39,40,37,23,48,1
8$7Y$OSIWXTC^&(,control,3,0.1172,0.3752,44,30,24,18,51,1
8$7Y$OSIWXTC^&(,deplete,3,0.11495,0.3259,13,46,51,46,63,2
LRS5^EKTT!9$^&(,control,3,0.1423,0.23025,24,29,12,32,49,1
LRS5^EKTT!9$^&(,deplete,3,0.11035,0.1832,44,48,55,59,63,2
G1YQ5K&($T0CF^&(,control,3,0.1095,0.2628,30,30,22,25,19,1
G1YQ5K&($T0CF^&(,deplete,3,0.0827,0.12355,27,51,54,58,49,2
FB&(CSBKXJMCF^&(,control,3,0.09865,0.3252,24,25,10,14,17,2
FB&(CSBKXJMCF^&(,deplete,3,0.1098,0.31915,24,56,17,52,56,1
Q4^J@T5952^H^&(,control,3,0.10465,0.3241,12,11,11,24,15,2
Q4^J@T5952^H^&(,deplete,3,0.10115,0.3615,51,63,52,70,47,1
2OAEU5AEHX^1FI^&(,control,3,0.08545,0.2999,23,16,19,10,25,1
2OAEU5AEHX^1FI^&(,deplete,3,0.0989,0.3315,21,70,45,30,60,2
5FJMMOS8$!WI^&(,control,3,0.09925,0.3798,21,15,19,61,31,1
5FJMMOS8$!WI^&(,deplete,3,0.12115,0.29895,57,70,63,48,67,2
FJOL@YR0RBIK^&(,control,3,0.11465,0.32165,13,15,13,14,16,2
FJOL@YR0RBIK^&(,deplete,3,0.1151,0.25635,10,70,67,69,68,1
4!&(X^E7O0#@L^&(,control,3,0.0886,0.295,22,11,46,43,20,2
4!&(X^E7O0#@L^&(,deplete,3,0.1026,0.24,32,51,63,69,50,1
JCZCC82$5C0M^&(,control,3,0.11955,0.35975,36,33,14,46,23,1
JCZCC82$5C0M^&(,deplete,3,0.1262,0.29455,13,63,60,63,70,2
47UME1J4JAEMM^&(,control,3,0.14185,0.26455,24,19,15,23,43,2
47UME1J4JAEMM^&(,deplete,3,0.1407,0.28745,14,59,52,45,61,1
XH7!O$Z7TOYM^&(,control,3,0.15685,0.21105,20,32,18,32,32,1
XH7!O$Z7TOYM^&(,deplete,3,0.099,0.169,42,50,61,45,64,2
2QF7XH@BYAEYM^&(,control,3,0.15,0.29205,10,12,11,11,24,1
2QF7XH@BYAEYM^&(,deplete,3,0.12725,0.3086,49,69,70,70,70,2
7TXI2@4QZQ0O^&(,control,3,0.14555,0.3495,27,60,52,61,53,1
7TXI2@4QZQ0O^&(,deplete,3,0.13505,0.3489,27,59,58,57,58,2
1KHGC5GER#BO^&(,control,3,0.11765,0.3458,28,36,16,11,27,2
1KHGC5GER#BO^&(,deplete,3,0.1037,0.3021,41,54,39,32,49,1
AEM7$T7QG&(X0Q^&(,control,3,0.1138,0.38985,66,11,16,12,12,1
AEM7$T7QG&(X0Q^&(,deplete,3,0.1112,0.3678,29,56,27,30,55,2
WHH#L8QI^XCR^&(,control,3,0.1097,0.30365,18,14,13,10,13,1
WHH#L8QI^XCR^&(,deplete,3,0.10015,0.3363,36,48,40,47,55,2
EBKBE7#&(T0FT^&(,control,3,0.12305,0.2361,59,33,27,23,46,1
EBKBE7#&(T0FT^&(,deplete,3,0.1314,0.2369,70,33,48,52,32,2
YGZ9AES@UOCUT^&(,control,3,0.18335,0.1715,10,14,10,10,18,1
YGZ9AES@UOCUT^&(,deplete,3,0.19015,0.16255,43,68,54,10,63,2
MXS1I$!K&(M4W^&(,control,3,0.10645,0.32115,11,14,11,24,20,2
MXS1I$!K&(M4W^&(,deplete,3,0.1196,0.13575,50,50,10,12,65,1
1YK^UW18S!H4&(,control,3,0.1262,0.29215,57,23,17,17,28,1
1YK^UW18S!H4&(,deplete,3,0.1111,0.34945,52,59,48,49,57,2
50IZEOSEXIU4&(,control,3,0.1108,0.385,43,21,17,21,23,2
50IZEOSEXIU4&(,deplete,3,0.1416,0.2558,70,56,70,70,70,1
EYR2E1LF7SK5&(,control,3,0.11155,0.31805,47,16,39,31,24,2
EYR2E1LF7SK5&(,deplete,3,0.1167,0.3726,33,46,43,47,51,1
LAEGMK0UE7JE#&(,control,3,0.14995,0.3134,19,12,11,10,12,2
LAEGMK0UE7JE#&(,deplete,3,0.1253,0.2949,70,56,65,10,60,1
IKYZO02E2EO8&(,control,3,0.10005,0.31475,70,43,54,44,46,2
IKYZO02E2EO8&(,deplete,3,0.11015,0.28795,70,54,20,61,61,1
O@G&(2F0E^QH9&(,control,3,0.1076,0.237,58,38,18,46,15,2
O@G&(2F0E^QH9&(,deplete,3,0.1067,0.3058,53,70,65,70,70,1
4G7WE&(@&(1Q1&(&(,control,3,0.1254,0.24185,31,25,31,22,24,2
4G7WE&(@&(1Q1&(&(,deplete,3,0.1062,0.3853,59,63,70,54,70,1
Y!^C4UILKK4&(&(,control,3,0.1974,0.09255,16,18,16,15,28,1
Y!^C4UILKK4&(&(,deplete,3,0.13105,0.26645,15,64,54,20,65,2
WF^E#^2W2O4&(&(,control,3,0.127,0.3404,32,35,38,39,43,1
WF^E#^2W2O4&(&(,deplete,3,0.1322,0.33445,39,53,54,54,60,2
QBCAEIL4LCZH&(&(,control,3,0.1084,0.2307,11,11,10,10,10,1
QBCAEIL4LCZH&(&(,deplete,3,0.1111,0.17525,10,70,10,10,10,2
7@O^1KOZERQ&(&(,control,3,0.0861,0.2698,45,11,10,10,15,2
7@O^1KOZERQ&(&(,deplete,3,0.0807,0.2684,20,53,14,19,63,1
5WJ@K549AE&(8C&(,control,3,0.12905,0.2864,21,22,19,15,33,2
5WJ@K549AE&(8C&(,deplete,3,0.11345,0.28285,43,56,42,41,42,1
$ET$YAEH9C0!C&(,control,3,0.11905,0.16875,22,50,24,11,21,2
$ET$YAEH9C0!C&(,deplete,3,0.1606,0.17515,64,70,49,53,67,1
!J&(UH2#QU#8$&(,control,3,0.1274,0.3326,13,16,14,15,19,2
!J&(UH2#QU#8$&(,deplete,3,0.14705,0.28955,11,63,49,21,52,1
FZ8#AEUW80HG$&(,control,3,0.13905,0.1735,24,38,26,32,40,2
FZ8#AEUW80HG$&(,deplete,3,0.13955,0.27375,22,70,66,23,58,1
$2W9YZAELGAEW$&(,control,3,0.121,0.22235,48,14,16,20,22,1
$2W9YZAELGAEW$&(,deplete,3,0.1399,0.2641,59,46,48,42,35,2
4RLUQWAEOXJ$E&(,control,3,0.13335,0.29895,40,11,10,10,12,2
4RLUQWAEOXJ$E&(,deplete,3,0.1303,0.25425,25,55,43,43,59,1
0M08AE4$O5QFE&(,control,3,0.14255,0.24495,17,56,37,50,54,2
0M08AE4$O5QFE&(,deplete,3,0.1512,0.2826,32,41,36,34,53,1
KMG$TRAEF@IIE&(,control,3,0.10995,0.3154,12,11,12,12,12,1
KMG$TRAEF@IIE&(,deplete,3,0.117,0.3433,32,43,49,42,50,2
LX#2UO10H7!E&(,control,3,0.1279,0.24165,68,57,38,13,58,1
LX#2UO10H7!E&(,deplete,3,0.15025,0.2296,23,31,48,48,46,2
9ZCXEJE12S2G&(,control,3,0.1094,0.21765,22,60,16,22,26,1
9ZCXEJE12S2G&(,deplete,3,0.10615,0.33515,28,63,58,46,58,2
RZ#BH!U9RLHG&(,control,3,0.1439,0.30095,28,11,11,15,21,1
RZ#BH!U9RLHG&(,deplete,3,0.1256,0.2649,26,60,53,55,59,2
@CTJZ12TETFH&(,control,3,0.1115,0.2058,51,14,10,24,14,1
@CTJZ12TETFH&(,deplete,3,0.13985,0.2864,22,48,41,28,70,2
9#JYG$O77YJH&(,control,3,0.12435,0.33435,63,57,60,54,19,2
9#JYG$O77YJH&(,deplete,3,0.1367,0.31935,24,70,26,58,70,1
BGAETCQ8YLM!H&(,control,3,0.10255,0.33645,23,24,22,27,60,2
BGAETCQ8YLM!H&(,deplete,3,0.14525,0.3266,43,61,44,48,51,1
1EO4HLSI&(QRH&(,control,3,0.11215,0.2998,40,10,10,25,10,1
1EO4HLSI&(QRH&(,deplete,3,0.10415,0.3256,70,59,52,48,66,2
ZYB5CF5&(XC&(J&(,control,3,0.163,0.29295,30,16,15,17,17,2
ZYB5CF5&(XC&(J&(,deplete,3,0.12425,0.25465,30,60,49,27,65,1
Q$J70@4^^4MJ&(,control,3,0.1006,0.30115,11,12,11,11,13,2
Q$J70@4^^4MJ&(,deplete,3,0.12525,0.27085,31,51,46,20,63,1
GJK8ZU1&(E77K&(,control,3,0.0896,0.2638,30,50,54,49,56,1
GJK8ZU1&(E77K&(,deplete,3,0.0887,0.19375,55,63,53,63,54,2
0#ZJE9GR21L&(,control,3,0.13345,0.28625,18,26,26,10,30,1
0#ZJE9GR21L&(,deplete,3,0.1175,0.40365,56,68,64,51,69,2
Z8SZKYCSSMTL&(,control,3,0.13495,0.1388,57,28,19,16,26,1
Z8SZKYCSSMTL&(,deplete,3,0.13545,0.24095,32,54,49,46,61,2
TS4TL!ZU^95!&(,control,3,0.12415,0.24015,17,43,44,30,50,1
TS4TL!ZU^95!&(,deplete,3,0.115,0.2897,33,65,56,46,67,2
BS^Z0BU^RX!&(,control,3,0.1264,0.37275,46,24,21,43,21,2
BS^Z0BU^RX!&(,deplete,3,0.1106,0.30795,52,67,53,65,65,1
9XZK9LG4H^^O&(,control,3,0.08805,0.2755,51,10,45,47,10,2
9XZK9LG4H^^O&(,deplete,3,0.0737,0.28895,70,70,70,70,70,1
&(B!CH7X^094AE&(,control,3,0.126,0.24885,28,58,51,50,50,2
&(B!CH7X^094AE&(,deplete,3,0.09485,0.18935,39,52,44,43,47,1
^IUS$7G9$B7AE&(,control,3,0.10275,0.4533,61,19,13,13,17,1
^IUS$7G9$B7AE&(,deplete,3,0.1332,0.38095,20,60,64,55,58,2
9@HR95Y1&($$AE&(,control,3,0.13955,0.22395,13,14,11,12,21,2
9@HR95Y1&($$AE&(,deplete,3,0.1097,0.2842,26,62,49,31,62,1
CZ27O8$W#Y9Q&(,control,3,0.1056,0.34205,56,30,23,27,31,2
CZ27O8$W#Y9Q&(,deplete,3,0.1147,0.32725,21,62,65,62,61,1
Q@0W1G7MFX4R&(,control,3,0.1901,0.2679,17,15,12,16,15,2
Q@0W1G7MFX4R&(,deplete,3,0.1782,0.21565,48,63,65,42,60,1
L22ICM1T0@ZR&(,control,3,0.1344,0.2343,50,20,39,26,21,1
L22ICM1T0@ZR&(,deplete,3,0.09575,0.26945,56,58,41,45,57,2
Q&(K^JI^^Y&(KS&(,control,3,0.15895,0.2963,14,17,11,16,17,1
Q&(K^JI^^Y&(KS&(,deplete,3,0.13315,0.2979,39,28,34,11,10,2
IY8AE4M7&(OUKW&(,control,3,0.12215,0.3483,13,36,11,15,51,1
IY8AE4M7&(OUKW&(,deplete,3,0.11265,0.33015,45,52,33,16,70,2
8WG$ZFC@94TX&(,control,3,0.1457,0.2647,68,64,19,40,12,1
8WG$ZFC@94TX&(,deplete,3,0.14405,0.3264,10,70,70,70,70,2
K42KAEM88ETUY&(,control,3,0.0961,0.28615,59,18,64,13,45,1
K42KAEM88ETUY&(,deplete,3,0.1049,0.265,10,65,49,44,60,2
BJFJZX!FWWY&(,control,3,0.12815,0.04105,46,11,15,24,11,1
BJFJZX!FWWY&(,deplete,3,0.1222,0.27885,48,20,23,25,32,2
AE&(9JQX4SMBYY&(,control,3,0.13555,0.27595,21,11,11,10,11,2
AE&(9JQX4SMBYY&(,deplete,3,0.1057,0.318,18,69,53,13,69,1
5MI7CAEUBQEYY&(,control,3,0.11755,0.2917,11,17,11,12,18,1
5MI7CAEUBQEYY&(,deplete,3,0.11895,0.2953,35,43,44,43,44,2
L$X0Q&(CUYZ5Z&(,control,3,0.14365,0.3018,48,20,18,17,17,1
L$X0Q&(CUYZ5Z&(,deplete,3,0.13225,0.3019,38,48,47,38,54,2
J0JIRS8OSFK21&(,control,4,0.1161,0.2146,14,14,12,11,12,2
J0JIRS8OSFK21&(,deplete,4,0.147,0.09265,52,55,47,30,57,1
TFOS4CY42M@^1&(,control,4,0.1408,0.33995,51,12,12,10,21,1
TFOS4CY42M@^1&(,deplete,4,0.13105,0.39085,41,48,46,45,56,2
C1C^&(@@9AE1#51&(,control,4,0.10725,0.3092,44,18,11,11,13,2
C1C^&(@@9AE1#51&(,deplete,4,0.11045,0.26235,58,70,70,66,70,1
Y5XK8K!$X0E#1&(,control,4,0.1102,0.1909,38,30,41,27,25,1
Y5XK8K!$X0E#1&(,deplete,4,0.0967,0.26845,53,55,57,46,62,2
F$8Q#BQY0UQ81&(,control,4,0.1526,0.23065,12,14,12,14,19,1
F$8Q#BQY0UQ81&(,deplete,4,0.137,0.2955,30,15,17,23,21,2
$WSMWMT2K#@81&(,control,4,0.10275,0.3131,11,11,11,11,11,2
$WSMWMT2K#@81&(,deplete,4,0.1506,0.2127,70,59,68,47,66,1
Z1X&(^7H!S8L91&(,control,4,0.14715,0.30285,39,25,24,26,26,1
Z1X&(^7H!S8L91&(,deplete,4,0.13175,0.3887,57,66,23,34,62,2
8B7S4^2L4FQ&(1&(,control,4,0.15535,0.28075,55,13,12,12,13,1
8B7S4^2L4FQ&(1&(,deplete,4,0.136,0.31325,70,70,70,70,70,2
G0C44@&(41H9B1&(,control,4,0.1531,0.3105,18,13,12,11,20,1
G0C44@&(41H9B1&(,deplete,4,0.14105,0.33545,10,70,56,50,70,2
0J!7GO2JFE&(B1&(,control,4,0.15885,0.2398,21,18,10,10,11,1
0J!7GO2JFE&(B1&(,deplete,4,0.1195,0.2765,55,70,70,59,70,2
&(L7T#1QX5RHB1&(,control,4,0.13125,0.2662,16,10,11,10,11,1
&(L7T#1QX5RHB1&(,deplete,4,0.11785,0.28195,10,54,10,10,62,2
T!QRUTMBXJRB1&(,control,4,0.1273,0.2678,17,30,19,15,20,2
T!QRUTMBXJRB1&(,deplete,4,0.19355,0.2009,27,47,48,31,58,1
UE7CI$AEOM$GC1&(,control,4,0.11465,0.3105,47,22,14,16,17,2
UE7CI$AEOM$GC1&(,deplete,4,0.12335,0.27735,33,70,70,57,70,1
#B$G9RAEE44U$1&(,control,4,0.1589,0.2396,25,11,11,11,11,1
#B$G9RAEE44U$1&(,deplete,4,0.1297,0.2842,48,70,70,18,69,2
&(U^QIEEHL1QE1&(,control,4,0.10285,0.30745,26,19,17,14,20,2
&(U^QIEEHL1QE1&(,deplete,4,0.11445,0.342,52,46,45,22,36,1
RSL11RJAEIB1F1&(,control,4,0.14475,0.35135,40,26,16,14,23,2
RSL11RJAEIB1F1&(,deplete,4,0.17185,0.2836,63,63,61,59,61,1
AERH!!1G!^$KG1&(,control,4,0.15435,0.30745,32,25,34,19,19,2
AERH!!1G!^$KG1&(,deplete,4,0.2764,0.12225,46,62,49,39,54,1
U$H27WHBIAERG1&(,control,4,0.1312,0.24695,48,10,12,15,11,1
U$H27WHBIAERG1&(,deplete,4,0.1202,0.36525,24,59,70,58,67,2
IBXKRZ8B#8JI1&(,control,4,0.1259,0.28555,60,54,65,28,26,1
IBXKRZ8B#8JI1&(,deplete,4,0.10295,0.26705,10,70,57,56,70,2
WF1TXUHJS0GJ1&(,control,4,0.14265,0.27945,30,10,10,10,15,2
WF1TXUHJS0GJ1&(,deplete,4,0.11695,0.23205,21,61,24,30,59,1
9J$CU9L5BT2K1&(,control,4,0.15095,0.3373,48,20,17,26,14,2
9J$CU9L5BT2K1&(,deplete,4,0.1221,0.38985,59,48,46,42,45,1
ZO98&(R2R91GL1&(,control,4,0.10105,0.36695,70,24,22,47,21,1
ZO98&(R2R91GL1&(,deplete,4,0.08535,0.3756,31,63,58,10,70,2
AEJ#KRYFB4F1M1&(,control,4,0.1227,0.3044,63,12,12,22,15,1
AEJ#KRYFB4F1M1&(,deplete,4,0.1059,0.2866,16,70,60,65,70,2
TO9J!Z^X#CMM1&(,control,4,0.1342,0.32045,61,29,16,23,19,2
TO9J!Z^X#CMM1&(,deplete,4,0.14485,0.2841,70,39,27,42,45,1
QKKL2W7JYUJAE1&(,control,4,0.12525,0.2467,14,19,10,12,15,2
QKKL2W7JYUJAE1&(,deplete,4,0.1468,0.2499,67,66,39,68,66,1
ZH#T2URXBR8R1&(,control,4,0.11335,0.30545,39,13,11,13,17,2
ZH#T2URXBR8R1&(,deplete,4,0.14795,0.3029,48,63,67,31,64,1
SI1HU0&(KWLHS1&(,control,4,0.1399,0.2952,27,19,15,27,16,1
SI1HU0&(KWLHS1&(,deplete,4,0.0962,0.3382,13,65,61,61,62,2
CAEW$C1&(QWF$T1&(,control,4,0.16425,0.18125,56,55,67,36,18,1
CAEW$C1&(QWF$T1&(,deplete,4,0.1299,0.2654,58,70,70,62,70,2
SU7XQ$TB#QLT1&(,control,4,0.12615,0.30015,12,11,11,11,14,1
SU7XQ$TB#QLT1&(,deplete,4,0.1134,0.38115,10,70,63,47,70,2
^2#YAE72$0BCU1&(,control,4,0.14335,0.3294,39,10,10,10,10,2
^2#YAE72$0BCU1&(,deplete,4,0.16395,0.3132,40,70,70,70,70,1
$2YEJHETW^RW1&(,control,4,0.1003,0.38705,48,16,13,23,19,2
$2YEJHETW^RW1&(,deplete,4,0.1236,0.31805,28,60,48,46,58,1
BWGO!E7&(JT&(X1&(,control,4,0.16395,0.248,13,14,12,13,15,1
BWGO!E7&(JT&(X1&(,deplete,4,0.14815,0.3202,10,64,59,50,60,2
1KKMXL@T^UTX1&(,control,4,0.11965,0.28715,35,15,34,24,22,2
1KKMXL@T^UTX1&(,deplete,4,0.1289,0.28975,25,53,48,15,45,1
BR01AE@24B!XX1&(,control,4,0.25915,0.11055,58,21,40,36,22,1
BR01AE@24B!XX1&(,deplete,4,0.118,0.28965,70,53,70,50,70,2
XK$^&(1@^M@R02&(,control,4,0.1511,0.31825,19,44,11,15,28,1
XK$^&(1@^M@R02&(,deplete,4,0.12165,0.3618,14,65,51,49,70,2
Z0CZBUWCES$42&(,control,4,0.10615,0.3286,12,21,16,11,22,2
Z0CZBUWCES$42&(,deplete,4,0.09965,0.32135,26,55,31,10,62,1
GR#44CXAE7HF52&(,control,4,0.1449,0.1992,21,10,10,11,11,1
GR#44CXAE7HF52&(,deplete,4,0.105,0.22735,10,70,48,10,59,2
1!FZUOUAE^MK52&(,control,4,0.1343,0.33425,61,10,10,10,10,1
1!FZUOUAE^MK52&(,deplete,4,0.10475,0.34225,55,70,53,10,70,2
1!TZ&(J04K0!52&(,control,4,0.18575,0.27855,20,10,10,10,10,1
1!TZ&(J04K0!52&(,deplete,4,0.1186,0.37335,55,64,53,51,51,2
C0@4UILFH8#82&(,control,4,0.15215,0.2636,12,12,11,10,13,1
C0@4UILFH8#82&(,deplete,4,0.1431,0.3011,17,46,15,10,58,2
E5IZH@&(X7RC92&(,control,4,0.10425,0.3253,15,10,11,10,11,1
E5IZH@&(X7RC92&(,deplete,4,0.1094,0.2692,53,15,63,21,55,2
Q!R0@!2G8$Y&(2&(,control,4,0.19415,0.1628,15,15,11,16,24,1
Q!R0@!2G8$Y&(2&(,deplete,4,0.1234,0.267,32,49,45,31,50,2
OAEFESYK9&(^FB2&(,control,4,0.1508,0.3385,19,14,21,54,14,2
OAEFESYK9&(^FB2&(,deplete,4,0.16735,0.2757,64,70,70,61,65,1
RE@&(W#GFKZRB2&(,control,4,0.1402,0.30995,60,11,13,20,12,2
RE@&(W#GFKZRB2&(,deplete,4,0.115,0.3036,19,56,54,41,64,1
##IF1B09CBZB2&(,control,4,0.1268,0.3122,23,49,26,23,46,2
##IF1B09CBZB2&(,deplete,4,0.18875,0.2186,13,65,56,53,69,1
1@OL^LITSYOG2&(,control,4,0.12925,0.2942,32,16,22,11,23,1
1@OL^LITSYOG2&(,deplete,4,0.10165,0.354,12,68,58,46,70,2
XRQX02YK!&(0I2&(,control,4,0.1407,0.3714,11,28,11,11,40,1
XRQX02YK!&(0I2&(,deplete,4,0.12645,0.3735,22,69,23,10,57,2
SZHT^9H9B0RK2&(,control,4,0.0929,0.35455,15,12,14,11,21,2
SZHT^9H9B0RK2&(,deplete,4,0.0989,0.3036,17,66,61,49,57,1
GH!@9I8U@RCM2&(,control,4,0.1079,0.32345,10,21,21,21,16,2
GH!@9I8U@RCM2&(,deplete,4,0.12235,0.2748,70,70,70,70,70,1
75HLAEC5&(0!FO2&(,control,4,0.1145,0.2807,11,11,10,10,14,2
75HLAEC5&(0!FO2&(,deplete,4,0.1356,0.2857,70,70,62,59,70,1
$0T&(SI^71@AEO2&(,control,4,0.11435,0.236,32,28,15,13,25,2
$0T&(SI^71@AEO2&(,deplete,4,0.29625,0.0897,43,55,54,60,57,1
L!T^^#41OEQAE2&(,control,4,0.11085,0.33855,18,17,14,29,21,2
L!T^^#41OEQAE2&(,deplete,4,0.122,0.3004,26,56,55,43,55,1
&(FX4Y7I7OHUR2&(,control,4,0.11615,0.2947,14,10,10,10,10,2
&(FX4Y7I7OHUR2&(,deplete,4,0.1569,0.1801,70,70,70,40,70,1
&(@WR1!44!2YS2&(,control,4,0.1664,0.31175,39,10,11,13,19,1
&(@WR1!44!2YS2&(,deplete,4,0.1327,0.35555,64,59,69,60,70,2
MUFSAE@2U9!^T2&(,control,4,0.1343,0.25085,35,18,11,12,18,1
MUFSAE@2U9!^T2&(,deplete,4,0.1142,0.3513,30,55,39,16,44,2
K9T&(UE^RQ^&(U2&(,control,4,0.143,0.1962,12,18,10,11,19,2
K9T&(UE^RQ^&(U2&(,deplete,4,0.1477,0.17695,10,69,10,10,70,1
@XYYRIR^L5^@2&(,control,4,0.1415,0.2704,37,14,13,19,14,1
@XYYRIR^L5^@2&(,deplete,4,0.15325,0.26165,48,70,70,62,68,2
HC&(2RE^T599@2&(,control,4,0.27225,0.1516,37,19,14,22,15,1
HC&(2RE^T599@2&(,deplete,4,0.1423,0.2148,32,49,43,43,52,2
!EH81OCO8Q^W2&(,control,4,0.16585,0.28515,57,12,12,10,20,2
!EH81OCO8Q^W2&(,deplete,4,0.27615,0.0881,15,48,39,11,65,1
RTX2T@&(X@GLW2&(,control,4,0.1266,0.25445,56,11,11,12,11,1
RTX2T@&(X@GLW2&(,deplete,4,0.1168,0.3183,10,70,15,11,70,2
HBMGAEZ25GR&(Z2&(,control,4,0.2306,0.1776,53,17,19,18,20,1
HBMGAEZ25GR&(Z2&(,deplete,4,0.13215,0.2424,21,65,63,61,67,2
OAE2USO!#H&(GZ2&(,control,4,0.2569,0.175,29,30,40,42,48,1
OAE2USO!#H&(GZ2&(,deplete,4,0.13875,0.2535,11,70,70,68,70,2
LEI8FK5RG&(0^&(,control,4,0.1601,0.32445,10,10,10,16,10,1
LEI8FK5RG&(0^&(,deplete,4,0.11195,0.3311,10,41,10,10,41,2
^I7OJQL8981^&(,control,4,0.11645,0.3302,13,10,10,10,10,2
^I7OJQL8981^&(,deplete,4,0.1304,0.23175,26,70,57,37,70,1
CHBXT&(5HXB^^^&(,control,4,0.1045,0.3402,10,10,10,10,10,2
CHBXT&(5HXB^^^&(,deplete,4,0.16365,0.2148,70,70,70,70,70,1
OWHT#TMILY24^&(,control,4,0.1622,0.2691,10,44,11,54,70,2
OWHT#TMILY24^&(,deplete,4,0.19665,0.2617,70,70,70,70,70,1
C#7BCEFZTRAE#^&(,control,4,0.13135,0.30035,13,27,18,17,49,1
C#7BCEFZTRAE#^&(,deplete,4,0.09775,0.36685,10,70,59,18,70,2
141@UFFIR2#8^&(,control,4,0.108,0.29105,52,23,17,19,25,2
141@UFFIR2#8^&(,deplete,4,0.09675,0.2894,26,59,49,27,59,1
^&(AEGJYJ0W##8^&(,control,4,0.2017,0.15935,16,45,21,10,42,1
^&(AEGJYJ0W##8^&(,deplete,4,0.11585,0.23405,34,70,54,42,70,2
T#0@R^8$09OB^&(,control,4,0.1389,0.2391,15,16,15,15,15,1
T#0@R^8$09OB^&(,deplete,4,0.1055,0.30915,22,65,52,51,65,2
I!909SI&(WRUC^&(,control,4,0.12095,0.3306,48,15,29,21,17,2
I!909SI&(WRUC^&(,deplete,4,0.1017,0.29455,54,65,69,70,66,1
0^M79SWI10&($^&(,control,4,0.17575,0.2865,15,47,45,58,41,2
0^M79SWI10&($^&(,deplete,4,0.22455,0.19735,55,61,66,60,62,1
CFGYYKFZ18&($^&(,control,4,0.14335,0.2808,17,25,48,70,57,2
CFGYYKFZ18&($^&(,deplete,4,0.23225,0.18565,63,41,70,68,70,1
WJLC8MSGY$$^&(,control,4,0.26295,0.1774,15,19,19,37,25,1
WJLC8MSGY$$^&(,deplete,4,0.1564,0.24125,34,66,49,49,62,2
AE@E8Z15RCR^E^&(,control,4,0.1132,0.3164,38,11,11,12,14,2
AE@E8Z15RCR^E^&(,deplete,4,0.12165,0.2808,63,26,19,10,15,1
7S5B^@8U&(U&(E^&(,control,4,0.1304,0.37165,57,14,17,31,21,1
7S5B^@8U&(U&(E^&(,deplete,4,0.1274,0.37445,55,70,70,60,70,2
CYU$YEAE$#WHE^&(,control,4,0.1388,0.31015,27,37,34,44,56,2
CYU$YEAE$#WHE^&(,deplete,4,0.22975,0.1715,49,59,70,70,70,1
FGJTBI28H5!E^&(,control,4,0.1137,0.3558,55,17,16,12,23,1
FGJTBI28H5!E^&(,deplete,4,0.12655,0.27915,32,57,45,10,66,2
S^GYK922EB4F^&(,control,4,0.09875,0.3063,10,11,11,10,27,1
S^GYK922EB4F^&(,deplete,4,0.09365,0.3335,10,55,46,49,66,2
!BAE02&(GYIAEHF^&(,control,4,0.13475,0.1181,59,48,36,47,45,2
!BAE02&(GYIAEHF^&(,deplete,4,0.21595,0.0781,58,51,56,44,56,1
E1!AE$T0!OO8G^&(,control,4,0.11965,0.3429,13,13,10,12,14,2
E1!AE$T0!OO8G^&(,deplete,4,0.1345,0.3019,17,52,52,22,65,1
@L05E^#129$I^&(,control,4,0.1588,0.20595,20,10,16,10,23,1
@L05E^#129$I^&(,deplete,4,0.1182,0.25695,25,43,53,20,63,2
^Z808OT7Y$YI^&(,control,4,0.1408,0.2681,52,14,14,16,22,2
^Z808OT7Y$YI^&(,deplete,4,0.15845,0.2597,25,51,56,13,60,1
0O!E0WILR7TK^&(,control,4,0.1555,0.28665,46,13,23,46,21,1
0O!E0WILR7TK^&(,deplete,4,0.1316,0.38775,48,57,51,41,51,2
9&(^X7IXUC$0L^&(,control,4,0.136,0.37815,42,17,23,14,20,1
9&(^X7IXUC$0L^&(,deplete,4,0.10045,0.36235,60,69,70,53,70,2
4HHC#JWZ!^#!^&(,control,4,0.1277,0.33915,20,33,18,15,49,2
4HHC#JWZ!^#!^&(,deplete,4,0.1739,0.2948,32,46,27,35,44,1
^R4Z7C7ETE&(Q^&(,control,4,0.12185,0.20635,25,25,10,10,22,1
^R4Z7C7ETE&(Q^&(,deplete,4,0.1073,0.18995,57,50,56,28,61,2
WE5AEJ@UK75CQ^&(,control,4,0.1289,0.27655,29,11,12,11,12,2
WE5AEJ@UK75CQ^&(,deplete,4,0.1745,0.19915,70,47,62,66,67,1
$!W@I21JOZ2R^&(,control,4,0.08905,0.3255,31,17,32,15,16,2
$!W@I21JOZ2R^&(,deplete,4,0.1462,0.21005,33,56,54,49,53,1
&(EAEJKXM2Y5F@^&(,control,4,0.1042,-0.03485,19,21,18,15,17,1
&(EAEJKXM2Y5F@^&(,deplete,4,0.1122,0.0446,39,60,51,30,60,2
4UH&(5AE9QAEH94&(,control,4,0.2392,0.1834,67,41,37,56,12,1
4UH&(5AE9QAEH94&(,deplete,4,0.1103,0.29235,70,70,56,66,60,2
GE@H2C9!^7B5&(,control,4,0.1015,0.2366,12,22,12,15,35,2
GE@H2C9!^7B5&(,deplete,4,0.12235,0.25185,10,61,41,49,62,1
TRS!HGRZKMB5&(,control,4,0.1436,0.2663,69,13,14,17,17,1
TRS!HGRZKMB5&(,deplete,4,0.0874,0.2844,70,70,70,65,63,2
ILS^JRQ@AEB!5&(,control,4,0.1283,0.24155,69,69,47,48,70,2
ILS^JRQ@AEB!5&(,deplete,4,0.24325,0.1981,70,70,70,70,70,1
2L5YEY1KJWM#&(,control,4,0.123,0.29715,18,11,11,11,11,2
2L5YEY1KJWM#&(,deplete,4,0.15085,0.23485,36,70,63,52,63,1
!I!XMYRKIXW#&(,control,4,0.28445,0.195,63,14,13,33,19,1
!I!XMYRKIXW#&(,deplete,4,0.15345,0.30765,64,54,64,68,47,2
S$TB#AEMJ#0T7&(,control,4,0.17085,0.1795,21,17,14,15,20,1
S$TB#AEMJ#0T7&(,deplete,4,0.15085,0.2661,58,54,53,32,58,2
LO8FAEYZ1JU09&(,control,4,0.16855,0.18445,40,53,16,39,16,1
LO8FAEYZ1JU09&(,deplete,4,0.13105,0.2652,60,62,69,53,68,2
XRF#Y1JHQSBB&(,control,4,0.1059,0.34015,40,21,10,11,20,2
XRF#Y1JHQSBB&(,deplete,4,0.18975,0.22465,49,51,30,42,48,1
Z#9O0^4U78MC&(,control,4,0.14815,0.25395,32,14,11,12,15,1
Z#9O0^4U78MC&(,deplete,4,0.12055,0.27185,63,69,46,61,50,2
EHOFM!9O9!OC&(,control,4,0.1459,0.239,30,17,21,41,23,1
EHOFM!9O9!OC&(,deplete,4,0.1097,0.33365,70,70,70,70,70,2
@AECSJ&(BAEAE07$&(,control,4,0.14025,0.2337,20,38,24,19,53,1
@AECSJ&(BAEAE07$&(,deplete,4,0.1045,0.3541,16,70,62,40,70,2
Y@BJCTX2G5Q$&(,control,4,0.1438,0.17375,24,18,18,18,19,1
Y@BJCTX2G5Q$&(,deplete,4,0.14115,0.26025,26,52,59,29,51,2
YULE!RLFHSOF&(,control,4,0.1234,0.32505,13,13,12,13,14,2
YULE!RLFHSOF&(,deplete,4,0.147,0.26265,19,66,70,70,66,1
EXFC90U!00UF&(,control,4,0.16135,0.23155,10,16,19,16,27,2
EXFC90U!00UF&(,deplete,4,0.16135,0.2544,47,70,70,51,70,1
L25WU0WZK1II&(,control,4,0.13035,0.38965,12,28,21,12,25,2
L25WU0WZK1II&(,deplete,4,0.3046,0.1663,51,70,70,59,70,1
&(4BWT2OT!$LI&(,control,4,0.11715,0.29485,26,14,17,12,19,2
&(4BWT2OT!$LI&(,deplete,4,0.1378,0.3363,37,65,56,48,67,1
G727EW!AEB11K&(,control,4,0.1035,0.31655,10,10,10,10,19,2
G727EW!AEB11K&(,deplete,4,0.1067,0.28195,70,46,70,70,49,1
U4WGEWG4$L!K&(,control,4,0.1226,0.29555,57,26,30,38,15,2
U4WGEWG4$L!K&(,deplete,4,0.1383,0.2316,54,51,61,44,68,1
ML87TC&($4Q1L&(,control,4,0.1154,0.2323,70,61,26,70,13,2
ML87TC&($4Q1L&(,deplete,4,0.14835,0.2386,28,56,33,44,49,1
&(9QK8ZYWRQ$L&(,control,4,0.0854,0.36085,33,13,19,16,16,1
&(9QK8ZYWRQ$L&(,deplete,4,0.0905,0.42795,24,70,66,58,70,2
&(1ER^U4T551M&(,control,4,0.1337,0.19595,13,12,10,13,11,1
&(1ER^U4T551M&(,deplete,4,0.1338,0.26025,47,68,44,56,65,2
84WXXJ20KK2M&(,control,4,0.12505,0.28425,29,16,12,16,17,2
84WXXJ20KK2M&(,deplete,4,0.14925,0.2038,23,63,47,35,70,1
I&(1$U$1TC#ZM&(,control,4,0.1015,0.2564,23,48,42,43,22,2
I&(1$U$1TC#ZM&(,deplete,4,0.1271,0.19595,28,70,70,42,70,1
#JGE92C890!&(,control,4,0.11905,0.30985,23,19,20,30,20,2
#JGE92C890!&(,deplete,4,0.12385,0.26765,41,67,41,38,66,1
4AEG0EJ&(SBHRO&(,control,4,0.19885,0.20785,44,47,18,45,32,1
4AEG0EJ&(SBHRO&(,deplete,4,0.1407,0.30235,60,69,67,55,68,2
^S$E4J4^$!AEAE&(,control,4,0.1321,0.26585,10,10,10,10,10,1
^S$E4J4^$!AEAE&(,deplete,4,0.09725,0.2443,70,32,10,10,30,2
!5WZYQBH9^TAE&(,control,4,0.2969,0.21325,11,10,10,10,10,1
!5WZYQBH9^TAE&(,deplete,4,0.1274,0.36835,61,52,51,61,61,2
LZ78@G&(C4YXT&(,control,4,0.2021,0.18785,64,17,17,25,16,1
LZ78@G&(C4YXT&(,deplete,4,0.14785,0.2624,29,70,70,57,70,2
GL4IUME2!L^@&(,control,4,0.1587,0.25235,15,16,13,10,41,2
GL4IUME2!L^@&(,deplete,4,0.1769,0.2335,46,41,37,41,48,1
Y#KG1@X$HAE!X&(,control,4,0.14595,0.18375,10,67,18,11,65,2
Y#KG1@X$HAE!X&(,deplete,4,0.1378,0.24655,10,49,41,10,70,1
